ТЪ-2519272	Балюстрада	По-вертикали	Честер	Решетка-крест 4 окошка	Вырез под стекло 4 мм	19mm
ШЕ-5947112	Гнутый	По-горизонтали	Авиньон	Решетка-крест горизонтальная 6 окошек	Вырез под стекло 4 мм	19mm
ТЪ-2519272	Прямой	По-горизонтали	Престон	Решетка-крест 4 окошка		16mm
ТЪ-2519272	Гнутый	По-вертикали	Кардифф	Решетка-крест горизонтальная 6 окошек	Вырез под стекло 4 мм	19mm
ЕЫ-9657427	Гнутый	По-вертикали	Карре	Решетка-крест 4 окошка		19mm
ОУ-4071380	Прямой	По-вертикали	Авиньон	Под стекло	Вырез под стекло 4 мм	16mm
ТЪ-2519272	Гнутый	По-вертикали	Карре	Под стекло		16mm
АЗ-7409522	Покраска	По-горизонтали	Кардифф	Глухой		16mm
ДД-1281797	Балюстрада	По-горизонтали	Бристоль	Решетка-крест горизонтальная 8 окошек		16mm
СА-2124335	Покраска	По-горизонтали	Бристоль	Решетка-крест 4 окошка	Вырез под стекло 4 мм	16mm
РУ-7251775	Прямой	По-вертикали	Авиньон	Под стекло		19mm
ДБ-4468972	Боковина	По-горизонтали	Честер	Решетка-крест 4 окошка	Вырез под стекло 4 мм	19mm
ЧР-8179360	Гнутый	По-горизонтали	Авиньон	Решетка-крест 4 окошка	Вырез под стекло 4 мм	19mm
КК-2928380	Балюстрада	По-вертикали	Бристоль	Решетка-крест горизонтальная 8 окошек	Вырез под стекло 4 мм	19mm
КЯ-8011804	Покраска	По-вертикали	Авиньон	Под стекло		16mm
ВУ-3708985	Покраска	По-горизонтали	Кардифф	Решетка-крест горизонтальная 8 окошек	Вырез под стекло 4 мм	19mm
ЕЫ-9657427	Гнутый	По-горизонтали	Понца	Решетка-крест 4 окошка	Вырез под стекло 4 мм	19mm
КК-2928380	Гнутый	По-вертикали	Честер	Решетка-крест 6 окошка	Вырез под стекло 4 мм	19mm
ОУ-4071380	Покраска	По-вертикали	Авиньон	Решетка-крест 6 окошка		16mm
ШЕ-5947112	Балюстрада	По-горизонтали	Карре	Решетка-крест 6 окошка	Вырез под стекло 4 мм	16mm
ЧЖ-4591269	Боковина	По-горизонтали	Авиньон	Решетка-крест 4 окошка	Вырез под стекло 4 мм	16mm
КЯ-8011804	Балюстрада	По-вертикали	Кардифф	Решетка-крест 6 окошка		19mm
РХ-3917501	Гнутый	По-вертикали	Понца	Решетка-крест горизонтальная 8 окошек	Вырез под стекло 4 мм	19mm
ФУ-2469742	Балюстрада	По-вертикали	Авиньон	Решетка-крест 6 окошка		19mm
ЕЫ-9657427	Гнутый	По-вертикали	Авиньон	Решетка-крест горизонтальная 6 окошек	Вырез под стекло 4 мм	16mm
СА-2124335	Балюстрада	По-вертикали	Кардифф	Решетка-крест горизонтальная 8 окошек		19mm
ЗБ-7479338	Гнутый	По-горизонтали	Честер	Решетка-крест горизонтальная 8 окошек		19mm
КК-2928380	Покраска	По-горизонтали	Кардифф	Глухой	Вырез под стекло 4 мм	16mm
ЧР-8179360	Балюстрада	По-горизонтали	Честер	Решетка-крест горизонтальная 6 окошек	Вырез под стекло 4 мм	16mm
ОУ-4071380	Боковина	По-вертикали	Понца	Решетка-крест горизонтальная 6 окошек		16mm
РХ-3917501	Гнутый	По-горизонтали	Кардифф	Под стекло		19mm
КЯ-8011804	Боковина	По-горизонтали	Кардифф	Решетка-крест 4 окошка	Вырез под стекло 4 мм	19mm
ЧР-8179360	Гнутый	По-вертикали	Авиньон	Под стекло		16mm
РХ-3917501	Покраска	По-вертикали	Бристоль	Под стекло	Вырез под стекло 4 мм	19mm
ТЪ-2519272	Гнутый	По-горизонтали	Бристоль	Решетка-крест 8 окошка	Вырез под стекло 4 мм	19mm
ЧЖ-4591269	Покраска	По-горизонтали	Авиньон	Решетка-крест 4 окошка	Вырез под стекло 4 мм	19mm
ЗБ-7479338	Покраска	По-горизонтали	Бристоль	Под стекло	Вырез под стекло 4 мм	16mm
КЯ-8011804	Покраска	По-вертикали	Престон	Решетка-крест 4 окошка	Вырез под стекло 4 мм	16mm
КК-2928380	Покраска	По-вертикали	Аверса	Решетка-крест горизонтальная 8 окошек	Вырез под стекло 4 мм	16mm
ОУ-4071380	Боковина	По-вертикали	Кардифф	Решетка-крест 4 окошка		16mm
АЗ-7409522	Балюстрада	По-горизонтали	Авиньон	Решетка-крест горизонтальная 6 окошек	Вырез под стекло 4 мм	16mm
АЗ-7409522	Покраска	По-горизонтали	Авиньон	Решетка-крест горизонтальная 6 окошек	Вырез под стекло 4 мм	16mm
ВУ-3708985	Гнутый	По-горизонтали	Бристоль	Решетка-крест горизонтальная 6 окошек	Вырез под стекло 4 мм	16mm
СА-2124335	Гнутый	По-вертикали	Честер	Решетка-крест 8 окошка		16mm
РХ-3917501	Покраска	По-горизонтали	Карре	Под стекло	Вырез под стекло 4 мм	19mm
КК-2928380	Балюстрада	По-горизонтали	Карре	Глухой		19mm
ЧЖ-4591269	Гнутый	По-вертикали	Авиньон	Глухой		16mm
ЧЖ-4591269	Покраска	По-горизонтали	Престон	Решетка-крест горизонтальная 6 окошек	Вырез под стекло 4 мм	19mm
СА-2124335	Гнутый	По-горизонтали	Бристоль	Решетка-крест горизонтальная 6 окошек		16mm
ЧР-8179360	Прямой	По-горизонтали	Авиньон	Решетка-крест горизонтальная 8 окошек	Вырез под стекло 4 мм	16mm
КЯ-8011804	Балюстрада	По-горизонтали	Кардифф	Решетка-крест 6 окошка	Вырез под стекло 4 мм	16mm
ТЪ-2519272	Покраска	По-горизонтали	Честер	Решетка-крест 6 окошка		19mm
ЧР-8179360	Покраска	По-горизонтали	Честер	Решетка-крест 4 окошка		19mm
ЧЖ-4591269	Покраска	По-горизонтали	Аверса	Решетка-крест 6 окошка	Вырез под стекло 4 мм	19mm
ЗБ-7479338	Балюстрада	По-горизонтали	Понца	Решетка-крест горизонтальная 6 окошек	Вырез под стекло 4 мм	16mm
ЧЖ-4591269	Покраска	По-вертикали	Понца	Решетка-крест 6 окошка		16mm
СА-2124335	Прямой	По-вертикали	Понца	Решетка-крест 6 окошка	Вырез под стекло 4 мм	16mm
РХ-3917501	Покраска	По-горизонтали	Бристоль	Решетка-крест 6 окошка	Вырез под стекло 4 мм	16mm
ТЗ-7611639	Гнутый	По-вертикали	Авиньон	Решетка-крест 4 окошка		16mm
ЕЫ-9657427	Покраска	По-горизонтали	Престон	Решетка-крест 4 окошка	Вырез под стекло 4 мм	16mm
ФУ-2469742	Балюстрада	По-вертикали	Честер	Под стекло	Вырез под стекло 4 мм	19mm
ФУ-2469742	Прямой	По-вертикали	Карре	Глухой		16mm
ТЗ-7611639	Гнутый	По-вертикали	Авиньон	Решетка-крест 4 окошка		19mm
ГО-9221618	Гнутый	По-горизонтали	Кардифф	Решетка-крест горизонтальная 6 окошек		19mm
ГО-9221618	Гнутый	По-вертикали	Кардифф	Решетка-крест 4 окошка	Вырез под стекло 4 мм	16mm
КК-2928380	Покраска	По-вертикали	Бристоль	Решетка-крест горизонтальная 8 окошек		16mm
ШЕ-5947112	Покраска	По-горизонтали	Понца	Решетка-крест горизонтальная 8 окошек	Вырез под стекло 4 мм	16mm
ТЪ-2519272	Боковина	По-горизонтали	Понца	Решетка-крест горизонтальная 6 окошек		16mm
СА-2124335	Гнутый	По-горизонтали	Авиньон	Решетка-крест 6 окошка	Вырез под стекло 4 мм	16mm
ДБ-4468972	Балюстрада	По-горизонтали	Карре	Под стекло		19mm
РХ-3917501	Покраска	По-горизонтали	Авиньон	Решетка-крест 4 окошка	Вырез под стекло 4 мм	19mm
РХ-3917501	Гнутый	По-горизонтали	Кардифф	Глухой	Вырез под стекло 4 мм	16mm
ЧР-8179360	Гнутый	По-горизонтали	Понца	Решетка-крест 4 окошка		19mm
ЧР-8179360	Покраска	По-вертикали	Кардифф	Решетка-крест 6 окошка	Вырез под стекло 4 мм	19mm
КЯ-8011804	Балюстрада	По-вертикали	Понца	Под стекло		16mm
ФУ-2469742	Гнутый	По-вертикали	Понца	Под стекло	Вырез под стекло 4 мм	19mm
ФУ-2469742	Гнутый	По-горизонтали	Честер	Решетка-крест горизонтальная 8 окошек	Вырез под стекло 4 мм	16mm
РУ-7251775	Покраска	По-горизонтали	Карре	Решетка-крест 6 окошка		19mm
ШЕ-5947112	Балюстрада	По-вертикали	Понца	Решетка-крест горизонтальная 6 окошек	Вырез под стекло 4 мм	16mm
ФУ-2469742	Боковина	По-горизонтали	Карре	Решетка-крест 6 окошка	Вырез под стекло 4 мм	19mm
ФУ-2469742	Боковина	По-горизонтали	Авиньон	Решетка-крест горизонтальная 8 окошек	Вырез под стекло 4 мм	19mm
ТЗ-7611639	Покраска	По-горизонтали	Престон	Под стекло		19mm
ЧР-8179360	Балюстрада	По-горизонтали	Честер	Решетка-крест 8 окошка	Вырез под стекло 4 мм	19mm
СА-2124335	Балюстрада	По-вертикали	Честер	Решетка-крест горизонтальная 8 окошек		16mm
АЗ-7409522	Покраска	По-горизонтали	Честер	Под стекло		16mm
ТЪ-2519272	Гнутый	По-горизонтали	Авиньон	Под стекло		19mm
АЗ-7409522	Гнутый	По-вертикали	Кардифф	Глухой		16mm
АЗ-7409522	Покраска	По-горизонтали	Авиньон	Решетка-крест 4 окошка		16mm
ТЪ-2519272	Балюстрада	По-вертикали	Бристоль	Решетка-крест горизонтальная 8 окошек	Вырез под стекло 4 мм	16mm
ЧР-8179360	Боковина	По-вертикали	Авиньон	Решетка-крест 6 окошка		16mm
ВУ-3708985	Балюстрада	По-вертикали	Бристоль	Решетка-крест горизонтальная 6 окошек	Вырез под стекло 4 мм	19mm
ВУ-3708985	Покраска	По-горизонтали	Кардифф	Решетка-крест горизонтальная 6 окошек		16mm
ТЗ-7611639	Гнутый	По-горизонтали	Кардифф	Глухой		19mm
ВЬ-6366636	Прямой	По-горизонтали	Бристоль	Решетка-крест горизонтальная 6 окошек	Вырез под стекло 4 мм	19mm
ОУ-4071380	Гнутый	По-горизонтали	Авиньон	Решетка-крест горизонтальная 6 окошек		19mm
ДД-1281797	Балюстрада	По-горизонтали	Кардифф	Решетка-крест 8 окошка		16mm
АЗ-7409522	Боковина	По-горизонтали	Кардифф	Решетка-крест горизонтальная 6 окошек	Вырез под стекло 4 мм	16mm
ТЪ-2519272	Балюстрада	По-горизонтали	Бристоль	Решетка-крест горизонтальная 8 окошек	Вырез под стекло 4 мм	19mm
ДБ-4468972	Покраска	По-вертикали	Авиньон	Решетка-крест 4 окошка	Вырез под стекло 4 мм	16mm
ДБ-4468972	Гнутый	По-горизонтали	Честер	Под стекло	Вырез под стекло 4 мм	19mm
ШЕ-5947112	Боковина	По-вертикали	Честер	Решетка-крест 6 окошка		19mm
РУ-7251775	Балюстрада	По-горизонтали	Бристоль	Решетка-крест 4 окошка	Вырез под стекло 4 мм	16mm
СА-2124335	Гнутый	По-горизонтали	Кардифф	Решетка-крест горизонтальная 6 окошек	Вырез под стекло 4 мм	19mm
ТЪ-2519272	Гнутый	По-вертикали	Бристоль	Решетка-крест 6 окошка		19mm
ШЕ-5947112	Гнутый	По-горизонтали	Карре	Решетка-крест 4 окошка		19mm
ШЕ-5947112	Прямой	По-горизонтали	Карре	Под стекло	Вырез под стекло 4 мм	19mm
ВУ-3708985	Прямой	По-вертикали	Карре	Решетка-крест горизонтальная 6 окошек	Вырез под стекло 4 мм	16mm
ФУ-2469742	Балюстрада	По-горизонтали	Бристоль	Решетка-крест горизонтальная 8 окошек		16mm
ЗБ-7479338	Гнутый	По-вертикали	Карре	Под стекло	Вырез под стекло 4 мм	19mm
СА-2124335	Балюстрада	По-вертикали	Авиньон	Решетка-крест 4 окошка		19mm
АЗ-7409522	Балюстрада	По-горизонтали	Понца	Под стекло		16mm
СА-2124335	Балюстрада	По-горизонтали	Бристоль	Под стекло		16mm
КК-2928380	Покраска	По-вертикали	Аверса	Решетка-крест горизонтальная 8 окошек	Вырез под стекло 4 мм	16mm
АЗ-7409522	Балюстрада	По-горизонтали	Кардифф	Решетка-крест 8 окошка	Вырез под стекло 4 мм	16mm
КК-2928380	Покраска	По-горизонтали	Бристоль	Решетка-крест 8 окошка		19mm
ФУ-2469742	Прямой	По-вертикали	Понца	Решетка-крест 6 окошка		19mm
КК-2928380	Гнутый	По-горизонтали	Авиньон	Решетка-крест 4 окошка	Вырез под стекло 4 мм	16mm
ТЪ-2519272	Покраска	По-вертикали	Бристоль	Под стекло	Вырез под стекло 4 мм	16mm
КК-2928380	Покраска	По-вертикали	Авиньон	Решетка-крест 4 окошка		19mm
РУ-7251775	Боковина	По-вертикали	Престон	Решетка-крест 4 окошка	Вырез под стекло 4 мм	19mm
ФУ-2469742	Боковина	По-горизонтали	Престон	Под стекло		19mm
КЯ-8011804	Балюстрада	По-вертикали	Понца	Решетка-крест 6 окошка	Вырез под стекло 4 мм	19mm
ЧЖ-4591269	Покраска	По-горизонтали	Карре	Решетка-крест 4 окошка	Вырез под стекло 4 мм	19mm
АЗ-7409522	Гнутый	По-горизонтали	Честер	Решетка-крест горизонтальная 8 окошек	Вырез под стекло 4 мм	19mm
ДД-1281797	Гнутый	По-вертикали	Бристоль	Решетка-крест 8 окошка		19mm
ФУ-2469742	Балюстрада	По-горизонтали	Карре	Решетка-крест 8 окошка	Вырез под стекло 4 мм	16mm
СА-2124335	Боковина	По-вертикали	Честер	Под стекло	Вырез под стекло 4 мм	19mm
ЕЫ-9657427	Гнутый	По-горизонтали	Карре	Под стекло		16mm
ЕЫ-9657427	Гнутый	По-горизонтали	Карре	Решетка-крест горизонтальная 8 окошек		16mm
РХ-3917501	Боковина	По-горизонтали	Честер	Решетка-крест горизонтальная 8 окошек	Вырез под стекло 4 мм	19mm
ВЬ-6366636	Боковина	По-горизонтали	Честер	Под стекло	Вырез под стекло 4 мм	19mm
АЗ-7409522	Покраска	По-вертикали	Престон	Глухой	Вырез под стекло 4 мм	16mm
ФУ-2469742	Гнутый	По-вертикали	Бристоль	Под стекло	Вырез под стекло 4 мм	19mm
ЧЖ-4591269	Гнутый	По-горизонтали	Честер	Решетка-крест 4 окошка	Вырез под стекло 4 мм	16mm
ЗБ-7479338	Покраска	По-вертикали	Бристоль	Решетка-крест 8 окошка		19mm
ЧЖ-4591269	Балюстрада	По-горизонтали	Карре	Глухой	Вырез под стекло 4 мм	16mm
РХ-3917501	Прямой	По-вертикали	Честер	Решетка-крест горизонтальная 6 окошек	Вырез под стекло 4 мм	19mm
ТЗ-7611639	Балюстрада	По-горизонтали	Авиньон	Под стекло		16mm
РХ-3917501	Боковина	По-вертикали	Престон	Решетка-крест 8 окошка	Вырез под стекло 4 мм	16mm
СА-2124335	Балюстрада	По-горизонтали	Бристоль	Решетка-крест 6 окошка		16mm
ЧЖ-4591269	Балюстрада	По-горизонтали	Кардифф	Решетка-крест горизонтальная 6 окошек		19mm
ДБ-4468972	Боковина	По-горизонтали	Понца	Решетка-крест 4 окошка		16mm
ВУ-3708985	Балюстрада	По-вертикали	Авиньон	Под стекло		19mm
ДБ-4468972	Покраска	По-вертикали	Авиньон	Решетка-крест горизонтальная 6 окошек		16mm
РХ-3917501	Покраска	По-вертикали	Престон	Решетка-крест 6 окошка	Вырез под стекло 4 мм	19mm
ТЗ-7611639	Балюстрада	По-горизонтали	Авиньон	Решетка-крест 4 окошка	Вырез под стекло 4 мм	16mm
ВЬ-6366636	Боковина	По-горизонтали	Карре	Под стекло		16mm
ДБ-4468972	Гнутый	По-горизонтали	Авиньон	Решетка-крест 4 окошка	Вырез под стекло 4 мм	19mm
ВЬ-6366636	Боковина	По-горизонтали	Престон	Решетка-крест 8 окошка	Вырез под стекло 4 мм	19mm
ВУ-3708985	Прямой	По-горизонтали	Авиньон	Решетка-крест 6 окошка		16mm
ОУ-4071380	Покраска	По-горизонтали	Кардифф	Под стекло		19mm
ЗБ-7479338	Гнутый	По-горизонтали	Понца	Решетка-крест 8 окошка		19mm
ДД-1281797	Покраска	По-вертикали	Карре	Глухой	Вырез под стекло 4 мм	16mm
ЧЖ-4591269	Прямой	По-вертикали	Понца	Решетка-крест 8 окошка	Вырез под стекло 4 мм	16mm
РХ-3917501	Прямой	По-горизонтали	Авиньон	Решетка-крест 4 окошка	Вырез под стекло 4 мм	16mm
ЗБ-7479338	Гнутый	По-вертикали	Авиньон	Решетка-крест 4 окошка	Вырез под стекло 4 мм	19mm
РХ-3917501	Гнутый	По-горизонтали	Бристоль	Под стекло	Вырез под стекло 4 мм	19mm
ЧЖ-4591269	Балюстрада	По-вертикали	Бристоль	Решетка-крест горизонтальная 6 окошек	Вырез под стекло 4 мм	16mm
ШЕ-5947112	Прямой	По-вертикали	Авиньон	Глухой	Вырез под стекло 4 мм	16mm
ТЪ-2519272	Балюстрада	По-горизонтали	Понца	Глухой	Вырез под стекло 4 мм	16mm
ШЕ-5947112	Балюстрада	По-вертикали	Понца	Решетка-крест 8 окошка		19mm
ЧЖ-4591269	Балюстрада	По-вертикали	Карре	Под стекло		16mm
ЧЖ-4591269	Балюстрада	По-горизонтали	Понца	Под стекло	Вырез под стекло 4 мм	16mm
РУ-7251775	Балюстрада	По-горизонтали	Кардифф	Решетка-крест 6 окошка		16mm
ТЪ-2519272	Балюстрада	По-вертикали	Честер	Глухой		19mm
ДБ-4468972	Балюстрада	По-вертикали	Престон	Решетка-крест 4 окошка	Вырез под стекло 4 мм	19mm
ГО-9221618	Гнутый	По-вертикали	Бристоль	Глухой		19mm
ВЬ-6366636	Гнутый	По-вертикали	Авиньон	Под стекло	Вырез под стекло 4 мм	16mm
РХ-3917501	Балюстрада	По-вертикали	Понца	Решетка-крест 6 окошка		19mm
ТЪ-2519272	Прямой	По-горизонтали	Аверса	Решетка-крест горизонтальная 8 окошек	Вырез под стекло 4 мм	16mm
ФУ-2469742	Балюстрада	По-вертикали	Аверса	Под стекло	Вырез под стекло 4 мм	16mm
ШЕ-5947112	Боковина	По-вертикали	Бристоль	Решетка-крест горизонтальная 8 окошек		19mm
ДД-1281797	Прямой	По-вертикали	Аверса	Решетка-крест горизонтальная 8 окошек		16mm
ЧР-8179360	Балюстрада	По-вертикали	Кардифф	Под стекло		19mm
ЧР-8179360	Гнутый	По-вертикали	Бристоль	Глухой	Вырез под стекло 4 мм	19mm
ГО-9221618	Покраска	По-горизонтали	Кардифф	Решетка-крест горизонтальная 6 окошек		19mm
ГО-9221618	Покраска	По-вертикали	Понца	Решетка-крест горизонтальная 6 окошек	Вырез под стекло 4 мм	19mm
ДД-1281797	Покраска	По-вертикали	Честер	Решетка-крест горизонтальная 6 окошек	Вырез под стекло 4 мм	19mm
ШЕ-5947112	Балюстрада	По-горизонтали	Кардифф	Решетка-крест 8 окошка	Вырез под стекло 4 мм	16mm
ДБ-4468972	Гнутый	По-горизонтали	Честер	Решетка-крест горизонтальная 6 окошек		19mm
ТЪ-2519272	Гнутый	По-горизонтали	Бристоль	Решетка-крест 6 окошка	Вырез под стекло 4 мм	19mm
ЧЖ-4591269	Гнутый	По-вертикали	Авиньон	Решетка-крест горизонтальная 8 окошек	Вырез под стекло 4 мм	16mm
ФУ-2469742	Балюстрада	По-горизонтали	Кардифф	Решетка-крест 6 окошка		19mm
ТЗ-7611639	Боковина	По-вертикали	Авиньон	Под стекло		19mm
ВУ-3708985	Балюстрада	По-горизонтали	Кардифф	Решетка-крест 4 окошка	Вырез под стекло 4 мм	19mm
ЧР-8179360	Гнутый	По-горизонтали	Авиньон	Под стекло		16mm
ОУ-4071380	Гнутый	По-вертикали	Честер	Под стекло		16mm
РХ-3917501	Покраска	По-горизонтали	Кардифф	Решетка-крест 4 окошка		16mm
ОУ-4071380	Балюстрада	По-горизонтали	Авиньон	Решетка-крест горизонтальная 6 окошек	Вырез под стекло 4 мм	16mm
КЯ-8011804	Балюстрада	По-горизонтали	Карре	Под стекло		16mm
ВУ-3708985	Балюстрада	По-горизонтали	Честер	Решетка-крест горизонтальная 6 окошек		19mm
ТЗ-7611639	Гнутый	По-вертикали	Понца	Под стекло	Вырез под стекло 4 мм	19mm
ЧЖ-4591269	Прямой	По-горизонтали	Авиньон	Под стекло	Вырез под стекло 4 мм	16mm
ГО-9221618	Покраска	По-горизонтали	Авиньон	Решетка-крест 6 окошка	Вырез под стекло 4 мм	19mm
КК-2928380	Боковина	По-горизонтали	Кардифф	Решетка-крест горизонтальная 6 окошек		19mm
СА-2124335	Покраска	По-горизонтали	Бристоль	Решетка-крест 4 окошка	Вырез под стекло 4 мм	19mm
КЯ-8011804	Боковина	По-вертикали	Кардифф	Решетка-крест 8 окошка		16mm
ЗБ-7479338	Балюстрада	По-вертикали	Бристоль	Решетка-крест горизонтальная 8 окошек		19mm
АЗ-7409522	Гнутый	По-горизонтали	Понца	Решетка-крест горизонтальная 6 окошек		19mm
ГО-9221618	Балюстрада	По-горизонтали	Понца	Решетка-крест 6 окошка		19mm
РХ-3917501	Прямой	По-вертикали	Честер	Решетка-крест 8 окошка		16mm
ЧЖ-4591269	Покраска	По-вертикали	Бристоль	Решетка-крест 4 окошка		16mm
КЯ-8011804	Гнутый	По-вертикали	Карре	Решетка-крест 6 окошка	Вырез под стекло 4 мм	16mm
ЧР-8179360	Покраска	По-горизонтали	Кардифф	Решетка-крест 6 окошка	Вырез под стекло 4 мм	19mm
ЧЖ-4591269	Балюстрада	По-горизонтали	Карре	Решетка-крест горизонтальная 6 окошек	Вырез под стекло 4 мм	16mm
РУ-7251775	Балюстрада	По-горизонтали	Кардифф	Решетка-крест горизонтальная 6 окошек	Вырез под стекло 4 мм	19mm
ТЪ-2519272	Гнутый	По-горизонтали	Честер	Решетка-крест 8 окошка		16mm
ТЪ-2519272	Гнутый	По-горизонтали	Понца	Решетка-крест 8 окошка		16mm
ЧЖ-4591269	Покраска	По-горизонтали	Авиньон	Глухой		16mm
РХ-3917501	Гнутый	По-горизонтали	Аверса	Решетка-крест горизонтальная 6 окошек		19mm
ДБ-4468972	Балюстрада	По-вертикали	Авиньон	Решетка-крест 4 окошка		16mm
ВУ-3708985	Боковина	По-вертикали	Карре	Решетка-крест 6 окошка	Вырез под стекло 4 мм	19mm
ТЪ-2519272	Покраска	По-вертикали	Понца	Решетка-крест 6 окошка	Вырез под стекло 4 мм	19mm
ЗБ-7479338	Покраска	По-вертикали	Авиньон	Решетка-крест горизонтальная 6 окошек	Вырез под стекло 4 мм	19mm
ТЪ-2519272	Покраска	По-горизонтали	Бристоль	Глухой	Вырез под стекло 4 мм	16mm
КЯ-8011804	Покраска	По-горизонтали	Карре	Решетка-крест горизонтальная 8 окошек		19mm
ДБ-4468972	Покраска	По-вертикали	Честер	Решетка-крест горизонтальная 6 окошек	Вырез под стекло 4 мм	16mm
ВУ-3708985	Прямой	По-вертикали	Кардифф	Решетка-крест 6 окошка		16mm
ЕЫ-9657427	Покраска	По-вертикали	Престон	Решетка-крест 4 окошка	Вырез под стекло 4 мм	19mm
ШЕ-5947112	Гнутый	По-вертикали	Честер	Решетка-крест 8 окошка		16mm
СА-2124335	Балюстрада	По-горизонтали	Кардифф	Решетка-крест горизонтальная 6 окошек	Вырез под стекло 4 мм	19mm
ОУ-4071380	Гнутый	По-горизонтали	Аверса	Решетка-крест 6 окошка	Вырез под стекло 4 мм	16mm
ВУ-3708985	Покраска	По-вертикали	Карре	Решетка-крест горизонтальная 8 окошек	Вырез под стекло 4 мм	19mm
ГО-9221618	Гнутый	По-вертикали	Авиньон	Глухой	Вырез под стекло 4 мм	19mm
ГО-9221618	Балюстрада	По-вертикали	Кардифф	Решетка-крест горизонтальная 8 окошек	Вырез под стекло 4 мм	16mm
ВУ-3708985	Гнутый	По-горизонтали	Авиньон	Решетка-крест 4 окошка		19mm
КК-2928380	Боковина	По-вертикали	Честер	Решетка-крест горизонтальная 8 окошек	Вырез под стекло 4 мм	19mm
ЗБ-7479338	Гнутый	По-вертикали	Честер	Решетка-крест 6 окошка		16mm
ВЬ-6366636	Покраска	По-вертикали	Честер	Решетка-крест 6 окошка		19mm
ВУ-3708985	Покраска	По-вертикали	Аверса	Решетка-крест горизонтальная 8 окошек	Вырез под стекло 4 мм	16mm
ЗБ-7479338	Гнутый	По-вертикали	Кардифф	Глухой	Вырез под стекло 4 мм	19mm
СА-2124335	Покраска	По-горизонтали	Авиньон	Решетка-крест 4 окошка		19mm
ЕЫ-9657427	Гнутый	По-вертикали	Авиньон	Под стекло	Вырез под стекло 4 мм	19mm
ДД-1281797	Балюстрада	По-горизонтали	Аверса	Глухой		16mm
КЯ-8011804	Прямой	По-горизонтали	Кардифф	Решетка-крест 8 окошка	Вырез под стекло 4 мм	16mm
ВУ-3708985	Боковина	По-вертикали	Кардифф	Решетка-крест 6 окошка		19mm
КЯ-8011804	Балюстрада	По-горизонтали	Понца	Решетка-крест 6 окошка		16mm
РУ-7251775	Балюстрада	По-горизонтали	Понца	Решетка-крест горизонтальная 8 окошек		16mm
ЗБ-7479338	Покраска	По-вертикали	Кардифф	Решетка-крест 4 окошка	Вырез под стекло 4 мм	16mm
ЗБ-7479338	Балюстрада	По-вертикали	Бристоль	Под стекло		16mm
ШЕ-5947112	Прямой	По-горизонтали	Понца	Решетка-крест горизонтальная 8 окошек	Вырез под стекло 4 мм	19mm
АЗ-7409522	Гнутый	По-вертикали	Карре	Решетка-крест 6 окошка		16mm
ТЪ-2519272	Гнутый	По-вертикали	Понца	Решетка-крест горизонтальная 8 окошек		19mm
РУ-7251775	Боковина	По-вертикали	Кардифф	Решетка-крест горизонтальная 6 окошек		16mm
ТЪ-2519272	Прямой	По-вертикали	Аверса	Решетка-крест 4 окошка	Вырез под стекло 4 мм	16mm
ФУ-2469742	Прямой	По-вертикали	Кардифф	Решетка-крест 4 окошка		16mm
ЧЖ-4591269	Покраска	По-вертикали	Аверса	Решетка-крест горизонтальная 8 окошек	Вырез под стекло 4 мм	19mm
ФУ-2469742	Балюстрада	По-горизонтали	Аверса	Решетка-крест горизонтальная 8 окошек	Вырез под стекло 4 мм	16mm
ШЕ-5947112	Балюстрада	По-горизонтали	Честер	Решетка-крест 4 окошка	Вырез под стекло 4 мм	19mm
АЗ-7409522	Покраска	По-горизонтали	Понца	Решетка-крест горизонтальная 6 окошек	Вырез под стекло 4 мм	16mm
ЕЫ-9657427	Гнутый	По-вертикали	Честер	Решетка-крест горизонтальная 8 окошек		16mm
РХ-3917501	Гнутый	По-горизонтали	Авиньон	Под стекло		19mm
ЧР-8179360	Боковина	По-горизонтали	Честер	Решетка-крест 8 окошка	Вырез под стекло 4 мм	16mm
ДД-1281797	Балюстрада	По-горизонтали	Карре	Под стекло		16mm
ДБ-4468972	Гнутый	По-вертикали	Честер	Глухой	Вырез под стекло 4 мм	19mm
ФУ-2469742	Гнутый	По-горизонтали	Престон	Под стекло	Вырез под стекло 4 мм	16mm
ЕЫ-9657427	Гнутый	По-горизонтали	Честер	Решетка-крест 8 окошка		16mm
ЗБ-7479338	Балюстрада	По-вертикали	Авиньон	Решетка-крест 6 окошка		19mm
ЧЖ-4591269	Балюстрада	По-горизонтали	Бристоль	Решетка-крест 4 окошка	Вырез под стекло 4 мм	16mm
ЧР-8179360	Балюстрада	По-горизонтали	Бристоль	Решетка-крест 6 окошка	Вырез под стекло 4 мм	19mm
ВЬ-6366636	Балюстрада	По-вертикали	Кардифф	Решетка-крест горизонтальная 6 окошек	Вырез под стекло 4 мм	19mm
РУ-7251775	Прямой	По-горизонтали	Понца	Под стекло	Вырез под стекло 4 мм	19mm
ЧЖ-4591269	Прямой	По-горизонтали	Кардифф	Решетка-крест 4 окошка		16mm
АЗ-7409522	Прямой	По-горизонтали	Кардифф	Под стекло	Вырез под стекло 4 мм	19mm
ШЕ-5947112	Прямой	По-горизонтали	Понца	Решетка-крест 4 окошка		16mm
ДБ-4468972	Покраска	По-вертикали	Карре	Под стекло		19mm
ТЪ-2519272	Гнутый	По-вертикали	Кардифф	Под стекло	Вырез под стекло 4 мм	16mm
ЧР-8179360	Боковина	По-горизонтали	Бристоль	Решетка-крест горизонтальная 8 окошек		16mm
ФУ-2469742	Балюстрада	По-вертикали	Понца	Глухой		19mm
ОУ-4071380	Балюстрада	По-вертикали	Престон	Решетка-крест горизонтальная 8 окошек		16mm
ТЪ-2519272	Гнутый	По-вертикали	Понца	Решетка-крест 6 окошка		19mm
РУ-7251775	Боковина	По-вертикали	Кардифф	Решетка-крест горизонтальная 6 окошек	Вырез под стекло 4 мм	16mm
ТЪ-2519272	Балюстрада	По-горизонтали	Кардифф	Решетка-крест 4 окошка	Вырез под стекло 4 мм	19mm
РХ-3917501	Гнутый	По-горизонтали	Аверса	Решетка-крест горизонтальная 8 окошек		16mm
ОУ-4071380	Боковина	По-горизонтали	Аверса	Под стекло	Вырез под стекло 4 мм	16mm
ДД-1281797	Покраска	По-вертикали	Карре	Решетка-крест горизонтальная 6 окошек		19mm
КК-2928380	Покраска	По-вертикали	Понца	Под стекло	Вырез под стекло 4 мм	19mm
ТЪ-2519272	Балюстрада	По-горизонтали	Понца	Решетка-крест 6 окошка		16mm
ГО-9221618	Покраска	По-вертикали	Авиньон	Решетка-крест 4 окошка	Вырез под стекло 4 мм	16mm
ДД-1281797	Покраска	По-горизонтали	Понца	Под стекло		19mm
КК-2928380	Балюстрада	По-горизонтали	Аверса	Решетка-крест горизонтальная 6 окошек	Вырез под стекло 4 мм	19mm
ЕЫ-9657427	Балюстрада	По-вертикали	Честер	Решетка-крест горизонтальная 8 окошек	Вырез под стекло 4 мм	16mm
ДД-1281797	Балюстрада	По-вертикали	Престон	Решетка-крест 4 окошка	Вырез под стекло 4 мм	19mm
ВУ-3708985	Прямой	По-горизонтали	Престон	Решетка-крест горизонтальная 8 окошек		16mm
РУ-7251775	Гнутый	По-горизонтали	Бристоль	Под стекло		19mm
ДД-1281797	Боковина	По-вертикали	Понца	Под стекло	Вырез под стекло 4 мм	19mm
ОУ-4071380	Балюстрада	По-вертикали	Понца	Решетка-крест 4 окошка	Вырез под стекло 4 мм	16mm
ЧР-8179360	Боковина	По-горизонтали	Кардифф	Решетка-крест 4 окошка		16mm
ШЕ-5947112	Гнутый	По-вертикали	Карре	Решетка-крест горизонтальная 6 окошек	Вырез под стекло 4 мм	19mm
ГО-9221618	Боковина	По-горизонтали	Бристоль	Решетка-крест горизонтальная 6 окошек		19mm
ЧЖ-4591269	Гнутый	По-вертикали	Честер	Решетка-крест горизонтальная 6 окошек		19mm
РУ-7251775	Покраска	По-вертикали	Понца	Решетка-крест горизонтальная 6 окошек		19mm
ЕЫ-9657427	Балюстрада	По-вертикали	Престон	Решетка-крест горизонтальная 6 окошек		16mm
ЕЫ-9657427	Балюстрада	По-горизонтали	Карре	Решетка-крест 8 окошка		19mm
РХ-3917501	Балюстрада	По-вертикали	Авиньон	Решетка-крест 6 окошка	Вырез под стекло 4 мм	16mm
ТЪ-2519272	Боковина	По-вертикали	Карре	Решетка-крест горизонтальная 6 окошек	Вырез под стекло 4 мм	19mm
ДБ-4468972	Покраска	По-вертикали	Авиньон	Под стекло	Вырез под стекло 4 мм	19mm
ДД-1281797	Покраска	По-вертикали	Карре	Решетка-крест горизонтальная 8 окошек	Вырез под стекло 4 мм	19mm
ЗБ-7479338	Гнутый	По-вертикали	Понца	Под стекло		19mm
ЧЖ-4591269	Гнутый	По-вертикали	Бристоль	Решетка-крест 6 окошка	Вырез под стекло 4 мм	16mm
ОУ-4071380	Боковина	По-вертикали	Понца	Решетка-крест 6 окошка	Вырез под стекло 4 мм	16mm
РУ-7251775	Балюстрада	По-горизонтали	Авиньон	Решетка-крест 8 окошка	Вырез под стекло 4 мм	16mm
ЕЫ-9657427	Боковина	По-вертикали	Кардифф	Решетка-крест 4 окошка	Вырез под стекло 4 мм	19mm
КЯ-8011804	Гнутый	По-горизонтали	Бристоль	Под стекло	Вырез под стекло 4 мм	16mm
ЧР-8179360	Балюстрада	По-вертикали	Аверса	Под стекло		19mm
КЯ-8011804	Гнутый	По-горизонтали	Бристоль	Решетка-крест горизонтальная 6 окошек		16mm
ШЕ-5947112	Балюстрада	По-вертикали	Бристоль	Решетка-крест 4 окошка		16mm
АЗ-7409522	Балюстрада	По-вертикали	Карре	Решетка-крест горизонтальная 6 окошек	Вырез под стекло 4 мм	19mm
ОУ-4071380	Гнутый	По-горизонтали	Престон	Глухой		16mm
ВУ-3708985	Покраска	По-горизонтали	Кардифф	Решетка-крест 6 окошка		16mm
ФУ-2469742	Боковина	По-вертикали	Престон	Решетка-крест горизонтальная 8 окошек		16mm
РУ-7251775	Гнутый	По-вертикали	Кардифф	Решетка-крест горизонтальная 6 окошек		16mm
ВУ-3708985	Гнутый	По-горизонтали	Понца	Решетка-крест 4 окошка	Вырез под стекло 4 мм	19mm
ДД-1281797	Балюстрада	По-горизонтали	Честер	Решетка-крест горизонтальная 8 окошек		16mm
ТЪ-2519272	Гнутый	По-вертикали	Честер	Глухой		19mm
СА-2124335	Гнутый	По-вертикали	Понца	Под стекло		19mm
РХ-3917501	Балюстрада	По-горизонтали	Честер	Решетка-крест горизонтальная 6 окошек	Вырез под стекло 4 мм	19mm
АЗ-7409522	Покраска	По-вертикали	Авиньон	Глухой		19mm
ОУ-4071380	Боковина	По-вертикали	Бристоль	Глухой	Вырез под стекло 4 мм	16mm
ЕЫ-9657427	Гнутый	По-вертикали	Авиньон	Решетка-крест 8 окошка		19mm
ОУ-4071380	Балюстрада	По-вертикали	Бристоль	Решетка-крест 6 окошка		16mm
ШЕ-5947112	Гнутый	По-вертикали	Кардифф	Под стекло	Вырез под стекло 4 мм	19mm
ЕЫ-9657427	Прямой	По-горизонтали	Понца	Под стекло	Вырез под стекло 4 мм	19mm
ТЗ-7611639	Покраска	По-вертикали	Авиньон	Решетка-крест 6 окошка		19mm
РХ-3917501	Гнутый	По-горизонтали	Престон	Под стекло	Вырез под стекло 4 мм	16mm
АЗ-7409522	Прямой	По-вертикали	Честер	Решетка-крест горизонтальная 8 окошек		19mm
ТЪ-2519272	Прямой	По-вертикали	Кардифф	Глухой		19mm
СА-2124335	Боковина	По-горизонтали	Честер	Под стекло	Вырез под стекло 4 мм	16mm
ЗБ-7479338	Балюстрада	По-горизонтали	Кардифф	Под стекло		19mm
КК-2928380	Гнутый	По-вертикали	Бристоль	Решетка-крест 4 окошка		16mm
АЗ-7409522	Балюстрада	По-вертикали	Честер	Решетка-крест 4 окошка		19mm
ДБ-4468972	Боковина	По-горизонтали	Бристоль	Под стекло	Вырез под стекло 4 мм	19mm
АЗ-7409522	Балюстрада	По-горизонтали	Аверса	Под стекло	Вырез под стекло 4 мм	16mm
ФУ-2469742	Гнутый	По-вертикали	Кардифф	Глухой		16mm
ФУ-2469742	Гнутый	По-горизонтали	Понца	Решетка-крест горизонтальная 8 окошек		16mm
ЧР-8179360	Покраска	По-вертикали	Честер	Решетка-крест 6 окошка	Вырез под стекло 4 мм	16mm
ФУ-2469742	Прямой	По-вертикали	Честер	Глухой	Вырез под стекло 4 мм	19mm
КК-2928380	Гнутый	По-горизонтали	Бристоль	Решетка-крест 4 окошка		19mm
ОУ-4071380	Гнутый	По-горизонтали	Карре	Решетка-крест 4 окошка	Вырез под стекло 4 мм	16mm
ВУ-3708985	Покраска	По-вертикали	Карре	Решетка-крест горизонтальная 8 окошек		16mm
КЯ-8011804	Гнутый	По-горизонтали	Авиньон	Решетка-крест горизонтальная 6 окошек	Вырез под стекло 4 мм	19mm
ОУ-4071380	Покраска	По-горизонтали	Понца	Решетка-крест горизонтальная 6 окошек	Вырез под стекло 4 мм	16mm
ЧР-8179360	Балюстрада	По-горизонтали	Карре	Решетка-крест 6 окошка		19mm
СА-2124335	Покраска	По-горизонтали	Бристоль	Решетка-крест горизонтальная 8 окошек		19mm
ДД-1281797	Покраска	По-горизонтали	Честер	Глухой	Вырез под стекло 4 мм	19mm
ЧЖ-4591269	Гнутый	По-горизонтали	Понца	Под стекло	Вырез под стекло 4 мм	19mm
ЧР-8179360	Балюстрада	По-горизонтали	Карре	Под стекло		16mm
ТЗ-7611639	Гнутый	По-горизонтали	Авиньон	Решетка-крест горизонтальная 8 окошек	Вырез под стекло 4 мм	16mm
РУ-7251775	Покраска	По-горизонтали	Бристоль	Решетка-крест горизонтальная 8 окошек		16mm
РУ-7251775	Покраска	По-вертикали	Бристоль	Решетка-крест 6 окошка		19mm
ОУ-4071380	Балюстрада	По-вертикали	Карре	Решетка-крест 4 окошка	Вырез под стекло 4 мм	16mm
АЗ-7409522	Балюстрада	По-вертикали	Карре	Под стекло		19mm
КК-2928380	Прямой	По-вертикали	Карре	Глухой	Вырез под стекло 4 мм	16mm
ОУ-4071380	Покраска	По-вертикали	Карре	Решетка-крест горизонтальная 6 окошек		19mm
ГО-9221618	Гнутый	По-горизонтали	Кардифф	Решетка-крест 6 окошка	Вырез под стекло 4 мм	19mm
ЕЫ-9657427	Гнутый	По-вертикали	Кардифф	Решетка-крест 6 окошка	Вырез под стекло 4 мм	16mm
КЯ-8011804	Балюстрада	По-вертикали	Бристоль	Решетка-крест горизонтальная 8 окошек	Вырез под стекло 4 мм	19mm
ФУ-2469742	Балюстрада	По-горизонтали	Бристоль	Решетка-крест 4 окошка	Вырез под стекло 4 мм	19mm
ГО-9221618	Балюстрада	По-горизонтали	Авиньон	Решетка-крест горизонтальная 8 окошек	Вырез под стекло 4 мм	16mm
ВУ-3708985	Балюстрада	По-вертикали	Понца	Под стекло		19mm
ЧЖ-4591269	Гнутый	По-вертикали	Бристоль	Решетка-крест горизонтальная 6 окошек		16mm
РУ-7251775	Боковина	По-горизонтали	Кардифф	Под стекло		16mm
ОУ-4071380	Покраска	По-горизонтали	Престон	Решетка-крест 8 окошка	Вырез под стекло 4 мм	19mm
КК-2928380	Балюстрада	По-вертикали	Понца	Решетка-крест 4 окошка	Вырез под стекло 4 мм	16mm
ЧЖ-4591269	Покраска	По-горизонтали	Кардифф	Глухой	Вырез под стекло 4 мм	19mm
ШЕ-5947112	Прямой	По-горизонтали	Честер	Решетка-крест 6 окошка	Вырез под стекло 4 мм	19mm
ФУ-2469742	Прямой	По-вертикали	Карре	Решетка-крест 4 окошка		16mm
ЗБ-7479338	Гнутый	По-горизонтали	Бристоль	Решетка-крест горизонтальная 6 окошек	Вырез под стекло 4 мм	19mm
РУ-7251775	Балюстрада	По-вертикали	Кардифф	Решетка-крест 6 окошка	Вырез под стекло 4 мм	16mm
ЕЫ-9657427	Покраска	По-горизонтали	Бристоль	Решетка-крест горизонтальная 6 окошек	Вырез под стекло 4 мм	16mm
КЯ-8011804	Балюстрада	По-вертикали	Авиньон	Решетка-крест горизонтальная 6 окошек	Вырез под стекло 4 мм	19mm
ФУ-2469742	Покраска	По-вертикали	Карре	Решетка-крест 6 окошка	Вырез под стекло 4 мм	16mm
ВУ-3708985	Гнутый	По-горизонтали	Аверса	Решетка-крест 6 окошка		19mm
ДД-1281797	Боковина	По-горизонтали	Бристоль	Решетка-крест горизонтальная 6 окошек		19mm
ЕЫ-9657427	Балюстрада	По-горизонтали	Аверса	Решетка-крест горизонтальная 6 окошек	Вырез под стекло 4 мм	19mm
ДД-1281797	Покраска	По-горизонтали	Понца	Решетка-крест 8 окошка		19mm
ЧЖ-4591269	Покраска	По-вертикали	Авиньон	Решетка-крест горизонтальная 8 окошек		19mm
КК-2928380	Боковина	По-вертикали	Кардифф	Решетка-крест 6 окошка		19mm
ТЪ-2519272	Гнутый	По-вертикали	Кардифф	Решетка-крест горизонтальная 8 окошек	Вырез под стекло 4 мм	19mm
АЗ-7409522	Покраска	По-вертикали	Бристоль	Решетка-крест горизонтальная 6 окошек		19mm
ФУ-2469742	Боковина	По-горизонтали	Понца	Глухой		19mm
ДД-1281797	Боковина	По-горизонтали	Кардифф	Глухой	Вырез под стекло 4 мм	19mm
ЗБ-7479338	Боковина	По-вертикали	Бристоль	Решетка-крест горизонтальная 8 окошек	Вырез под стекло 4 мм	16mm
ЧР-8179360	Прямой	По-горизонтали	Бристоль	Решетка-крест 6 окошка	Вырез под стекло 4 мм	19mm
ТЪ-2519272	Покраска	По-горизонтали	Авиньон	Решетка-крест горизонтальная 8 окошек		16mm
СА-2124335	Гнутый	По-вертикали	Бристоль	Решетка-крест горизонтальная 8 окошек	Вырез под стекло 4 мм	16mm
ДД-1281797	Гнутый	По-горизонтали	Кардифф	Под стекло	Вырез под стекло 4 мм	16mm
ТЪ-2519272	Прямой	По-горизонтали	Престон	Решетка-крест 4 окошка	Вырез под стекло 4 мм	19mm
КК-2928380	Гнутый	По-вертикали	Карре	Решетка-крест 6 окошка		19mm
ОУ-4071380	Прямой	По-вертикали	Авиньон	Решетка-крест 4 окошка		16mm
ШЕ-5947112	Балюстрада	По-вертикали	Кардифф	Решетка-крест 6 окошка	Вырез под стекло 4 мм	16mm
ЕЫ-9657427	Балюстрада	По-горизонтали	Понца	Решетка-крест 6 окошка	Вырез под стекло 4 мм	19mm
ЧЖ-4591269	Гнутый	По-вертикали	Бристоль	Решетка-крест горизонтальная 8 окошек		19mm
ФУ-2469742	Гнутый	По-вертикали	Понца	Решетка-крест 4 окошка	Вырез под стекло 4 мм	19mm
ВЬ-6366636	Балюстрада	По-горизонтали	Престон	Под стекло		19mm
ОУ-4071380	Боковина	По-горизонтали	Карре	Решетка-крест 4 окошка		16mm
ОУ-4071380	Боковина	По-вертикали	Честер	Решетка-крест горизонтальная 6 окошек		16mm
ГО-9221618	Балюстрада	По-вертикали	Честер	Решетка-крест горизонтальная 6 окошек		19mm
СА-2124335	Балюстрада	По-вертикали	Бристоль	Решетка-крест горизонтальная 6 окошек		16mm
КК-2928380	Боковина	По-вертикали	Престон	Решетка-крест горизонтальная 8 окошек		19mm
ТЪ-2519272	Балюстрада	По-вертикали	Понца	Глухой	Вырез под стекло 4 мм	19mm
РХ-3917501	Балюстрада	По-горизонтали	Престон	Решетка-крест горизонтальная 8 окошек	Вырез под стекло 4 мм	16mm
АЗ-7409522	Покраска	По-вертикали	Престон	Решетка-крест 8 окошка	Вырез под стекло 4 мм	16mm
ДБ-4468972	Покраска	По-вертикали	Карре	Под стекло	Вырез под стекло 4 мм	16mm
КК-2928380	Гнутый	По-горизонтали	Престон	Решетка-крест горизонтальная 8 окошек		16mm
ЕЫ-9657427	Гнутый	По-вертикали	Понца	Решетка-крест 6 окошка		16mm
ЕЫ-9657427	Прямой	По-горизонтали	Бристоль	Решетка-крест 6 окошка		16mm
ОУ-4071380	Прямой	По-вертикали	Честер	Под стекло		16mm
ВУ-3708985	Боковина	По-горизонтали	Карре	Решетка-крест горизонтальная 6 окошек	Вырез под стекло 4 мм	19mm
СА-2124335	Покраска	По-горизонтали	Понца	Решетка-крест 6 окошка		19mm
АЗ-7409522	Гнутый	По-вертикали	Понца	Решетка-крест 4 окошка		19mm
РХ-3917501	Покраска	По-вертикали	Авиньон	Решетка-крест горизонтальная 8 окошек	Вырез под стекло 4 мм	16mm
ГО-9221618	Прямой	По-вертикали	Авиньон	Глухой	Вырез под стекло 4 мм	16mm
ДД-1281797	Боковина	По-вертикали	Понца	Под стекло	Вырез под стекло 4 мм	16mm
ВУ-3708985	Покраска	По-горизонтали	Честер	Глухой		16mm
СА-2124335	Покраска	По-вертикали	Карре	Решетка-крест 4 окошка		19mm
ОУ-4071380	Покраска	По-горизонтали	Авиньон	Решетка-крест 8 окошка	Вырез под стекло 4 мм	16mm
ЧЖ-4591269	Покраска	По-вертикали	Кардифф	Глухой	Вырез под стекло 4 мм	16mm
ТЪ-2519272	Покраска	По-горизонтали	Авиньон	Решетка-крест 4 окошка	Вырез под стекло 4 мм	16mm
ЧР-8179360	Балюстрада	По-вертикали	Карре	Под стекло		19mm
ЧЖ-4591269	Балюстрада	По-горизонтали	Бристоль	Решетка-крест 4 окошка		19mm
ФУ-2469742	Прямой	По-горизонтали	Аверса	Решетка-крест 6 окошка	Вырез под стекло 4 мм	19mm
КК-2928380	Балюстрада	По-горизонтали	Карре	Решетка-крест горизонтальная 8 окошек	Вырез под стекло 4 мм	16mm
ГО-9221618	Балюстрада	По-горизонтали	Авиньон	Под стекло	Вырез под стекло 4 мм	16mm
ЕЫ-9657427	Боковина	По-горизонтали	Кардифф	Под стекло		16mm
ФУ-2469742	Балюстрада	По-горизонтали	Авиньон	Решетка-крест 4 окошка		19mm
СА-2124335	Гнутый	По-вертикали	Понца	Под стекло	Вырез под стекло 4 мм	16mm
АЗ-7409522	Гнутый	По-горизонтали	Авиньон	Решетка-крест 4 окошка	Вырез под стекло 4 мм	16mm
АЗ-7409522	Балюстрада	По-горизонтали	Авиньон	Решетка-крест горизонтальная 8 окошек		19mm
КК-2928380	Балюстрада	По-вертикали	Бристоль	Глухой		19mm
ТЪ-2519272	Балюстрада	По-горизонтали	Престон	Решетка-крест горизонтальная 8 окошек	Вырез под стекло 4 мм	16mm
АЗ-7409522	Гнутый	По-горизонтали	Карре	Под стекло		19mm
ОУ-4071380	Гнутый	По-горизонтали	Авиньон	Решетка-крест горизонтальная 6 окошек		16mm
ТЗ-7611639	Гнутый	По-вертикали	Честер	Решетка-крест 4 окошка		19mm
ЧР-8179360	Боковина	По-вертикали	Честер	Решетка-крест горизонтальная 6 окошек		19mm
ДД-1281797	Покраска	По-горизонтали	Карре	Решетка-крест горизонтальная 8 окошек	Вырез под стекло 4 мм	16mm
ЗБ-7479338	Покраска	По-вертикали	Престон	Решетка-крест 6 окошка		19mm
ЗБ-7479338	Гнутый	По-вертикали	Авиньон	Под стекло		19mm
ТЪ-2519272	Гнутый	По-вертикали	Честер	Решетка-крест 8 окошка	Вырез под стекло 4 мм	19mm
КЯ-8011804	Балюстрада	По-вертикали	Бристоль	Решетка-крест горизонтальная 6 окошек	Вырез под стекло 4 мм	19mm
КЯ-8011804	Прямой	По-вертикали	Понца	Решетка-крест 6 окошка		19mm
ЧР-8179360	Гнутый	По-горизонтали	Кардифф	Решетка-крест горизонтальная 6 окошек		19mm
ЕЫ-9657427	Боковина	По-вертикали	Кардифф	Решетка-крест 4 окошка		16mm
КЯ-8011804	Балюстрада	По-горизонтали	Авиньон	Под стекло	Вырез под стекло 4 мм	19mm
СА-2124335	Балюстрада	По-вертикали	Кардифф	Под стекло		19mm
ЕЫ-9657427	Гнутый	По-вертикали	Кардифф	Решетка-крест 4 окошка		19mm
ЗБ-7479338	Гнутый	По-горизонтали	Кардифф	Решетка-крест горизонтальная 8 окошек		19mm
ЧР-8179360	Покраска	По-горизонтали	Честер	Решетка-крест 4 окошка	Вырез под стекло 4 мм	16mm
ДБ-4468972	Покраска	По-горизонтали	Бристоль	Решетка-крест горизонтальная 8 окошек		16mm
КЯ-8011804	Покраска	По-горизонтали	Авиньон	Решетка-крест 4 окошка	Вырез под стекло 4 мм	16mm
ВУ-3708985	Прямой	По-горизонтали	Честер	Решетка-крест 4 окошка		19mm
ТЪ-2519272	Балюстрада	По-горизонтали	Бристоль	Глухой		16mm
ЗБ-7479338	Боковина	По-горизонтали	Бристоль	Решетка-крест 8 окошка		16mm
РХ-3917501	Гнутый	По-горизонтали	Аверса	Решетка-крест 4 окошка		19mm
ЕЫ-9657427	Гнутый	По-вертикали	Кардифф	Решетка-крест горизонтальная 6 окошек	Вырез под стекло 4 мм	19mm
ФУ-2469742	Прямой	По-горизонтали	Понца	Решетка-крест 6 окошка		19mm
РХ-3917501	Гнутый	По-горизонтали	Кардифф	Решетка-крест горизонтальная 6 окошек	Вырез под стекло 4 мм	19mm
ШЕ-5947112	Прямой	По-вертикали	Понца	Глухой	Вырез под стекло 4 мм	16mm
ВЬ-6366636	Гнутый	По-горизонтали	Авиньон	Решетка-крест горизонтальная 6 окошек		16mm
ЧР-8179360	Балюстрада	По-вертикали	Престон	Решетка-крест 4 окошка	Вырез под стекло 4 мм	16mm
ТЗ-7611639	Гнутый	По-горизонтали	Понца	Под стекло	Вырез под стекло 4 мм	19mm
ЧР-8179360	Покраска	По-горизонтали	Бристоль	Решетка-крест горизонтальная 8 окошек	Вырез под стекло 4 мм	19mm
ГО-9221618	Покраска	По-горизонтали	Бристоль	Глухой	Вырез под стекло 4 мм	16mm
ОУ-4071380	Гнутый	По-вертикали	Понца	Решетка-крест 6 окошка		16mm
РУ-7251775	Прямой	По-вертикали	Авиньон	Решетка-крест 4 окошка		19mm
ГО-9221618	Балюстрада	По-горизонтали	Честер	Решетка-крест 4 окошка		16mm
ФУ-2469742	Прямой	По-вертикали	Честер	Решетка-крест 8 окошка	Вырез под стекло 4 мм	19mm
РУ-7251775	Гнутый	По-горизонтали	Честер	Решетка-крест 4 окошка		16mm
ДД-1281797	Гнутый	По-горизонтали	Авиньон	Решетка-крест 6 окошка		19mm
ШЕ-5947112	Покраска	По-вертикали	Авиньон	Решетка-крест горизонтальная 6 окошек		19mm
РХ-3917501	Покраска	По-вертикали	Престон	Решетка-крест 4 окошка		19mm
ДД-1281797	Покраска	По-горизонтали	Честер	Решетка-крест 4 окошка		19mm
ТЪ-2519272	Покраска	По-горизонтали	Авиньон	Решетка-крест горизонтальная 6 окошек		16mm
ДБ-4468972	Гнутый	По-горизонтали	Честер	Под стекло		19mm
ФУ-2469742	Прямой	По-вертикали	Авиньон	Решетка-крест горизонтальная 8 окошек		16mm
ВУ-3708985	Гнутый	По-горизонтали	Кардифф	Решетка-крест горизонтальная 6 окошек		19mm
АЗ-7409522	Гнутый	По-вертикали	Понца	Решетка-крест горизонтальная 8 окошек	Вырез под стекло 4 мм	19mm
ДБ-4468972	Покраска	По-вертикали	Честер	Решетка-крест горизонтальная 8 окошек		19mm
ЗБ-7479338	Гнутый	По-вертикали	Авиньон	Глухой		19mm
АЗ-7409522	Гнутый	По-вертикали	Авиньон	Решетка-крест горизонтальная 8 окошек	Вырез под стекло 4 мм	19mm
АЗ-7409522	Покраска	По-горизонтали	Карре	Решетка-крест 8 окошка	Вырез под стекло 4 мм	16mm
АЗ-7409522	Гнутый	По-вертикали	Авиньон	Решетка-крест 6 окошка	Вырез под стекло 4 мм	19mm
ОУ-4071380	Прямой	По-горизонтали	Карре	Решетка-крест 8 окошка	Вырез под стекло 4 мм	16mm
РУ-7251775	Покраска	По-горизонтали	Кардифф	Под стекло	Вырез под стекло 4 мм	16mm
КЯ-8011804	Балюстрада	По-вертикали	Авиньон	Решетка-крест 4 окошка		16mm
КЯ-8011804	Гнутый	По-вертикали	Бристоль	Решетка-крест 4 окошка	Вырез под стекло 4 мм	16mm
ВЬ-6366636	Гнутый	По-горизонтали	Честер	Решетка-крест 6 окошка	Вырез под стекло 4 мм	19mm
ФУ-2469742	Балюстрада	По-вертикали	Престон	Решетка-крест горизонтальная 6 окошек		16mm
ЧЖ-4591269	Прямой	По-вертикали	Бристоль	Под стекло		19mm
ОУ-4071380	Прямой	По-вертикали	Понца	Решетка-крест 4 окошка	Вырез под стекло 4 мм	16mm
КК-2928380	Боковина	По-вертикали	Кардифф	Под стекло		19mm
ГО-9221618	Гнутый	По-вертикали	Бристоль	Решетка-крест горизонтальная 8 окошек	Вырез под стекло 4 мм	16mm
ВУ-3708985	Покраска	По-горизонтали	Честер	Решетка-крест горизонтальная 8 окошек	Вырез под стекло 4 мм	16mm
РХ-3917501	Гнутый	По-горизонтали	Карре	Решетка-крест горизонтальная 6 окошек		19mm
ШЕ-5947112	Покраска	По-горизонтали	Понца	Решетка-крест 4 окошка	Вырез под стекло 4 мм	19mm
ЧР-8179360	Покраска	По-горизонтали	Бристоль	Решетка-крест 4 окошка		16mm
ЕЫ-9657427	Покраска	По-вертикали	Аверса	Под стекло	Вырез под стекло 4 мм	19mm
КК-2928380	Боковина	По-горизонтали	Бристоль	Решетка-крест горизонтальная 8 окошек		19mm
ВУ-3708985	Покраска	По-вертикали	Кардифф	Решетка-крест 6 окошка	Вырез под стекло 4 мм	16mm
РУ-7251775	Балюстрада	По-горизонтали	Бристоль	Решетка-крест горизонтальная 8 окошек		16mm
ТЪ-2519272	Боковина	По-вертикали	Честер	Решетка-крест 4 окошка		16mm
ОУ-4071380	Покраска	По-горизонтали	Карре	Решетка-крест 4 окошка	Вырез под стекло 4 мм	19mm
ОУ-4071380	Покраска	По-горизонтали	Престон	Решетка-крест 6 окошка		19mm
АЗ-7409522	Гнутый	По-вертикали	Понца	Решетка-крест 4 окошка	Вырез под стекло 4 мм	16mm
РХ-3917501	Покраска	По-горизонтали	Понца	Решетка-крест 6 окошка	Вырез под стекло 4 мм	16mm
СА-2124335	Гнутый	По-вертикали	Карре	Решетка-крест 4 окошка	Вырез под стекло 4 мм	19mm
РУ-7251775	Прямой	По-горизонтали	Престон	Решетка-крест горизонтальная 8 окошек	Вырез под стекло 4 мм	19mm
ДД-1281797	Гнутый	По-вертикали	Престон	Решетка-крест горизонтальная 6 окошек	Вырез под стекло 4 мм	19mm
ЕЫ-9657427	Прямой	По-горизонтали	Понца	Глухой	Вырез под стекло 4 мм	19mm
ЕЫ-9657427	Покраска	По-вертикали	Престон	Решетка-крест 6 окошка		19mm
РХ-3917501	Балюстрада	По-вертикали	Престон	Глухой		19mm
ШЕ-5947112	Балюстрада	По-вертикали	Кардифф	Решетка-крест 6 окошка		19mm
ЧЖ-4591269	Боковина	По-вертикали	Аверса	Решетка-крест 8 окошка		19mm
ШЕ-5947112	Покраска	По-вертикали	Карре	Под стекло	Вырез под стекло 4 мм	19mm
КЯ-8011804	Покраска	По-горизонтали	Аверса	Решетка-крест 6 окошка		19mm
РХ-3917501	Покраска	По-вертикали	Карре	Решетка-крест горизонтальная 6 окошек		19mm
ФУ-2469742	Гнутый	По-горизонтали	Авиньон	Решетка-крест 4 окошка		19mm
КК-2928380	Покраска	По-горизонтали	Престон	Решетка-крест 6 окошка	Вырез под стекло 4 мм	16mm
ЗБ-7479338	Балюстрада	По-горизонтали	Честер	Решетка-крест горизонтальная 8 окошек	Вырез под стекло 4 мм	16mm
ОУ-4071380	Боковина	По-горизонтали	Бристоль	Решетка-крест 6 окошка	Вырез под стекло 4 мм	19mm
ДД-1281797	Гнутый	По-горизонтали	Честер	Решетка-крест горизонтальная 6 окошек	Вырез под стекло 4 мм	16mm
ОУ-4071380	Балюстрада	По-горизонтали	Авиньон	Решетка-крест горизонтальная 8 окошек		19mm
ГО-9221618	Боковина	По-вертикали	Карре	Решетка-крест 4 окошка		19mm
ШЕ-5947112	Балюстрада	По-горизонтали	Понца	Решетка-крест горизонтальная 8 окошек		19mm
ШЕ-5947112	Балюстрада	По-горизонтали	Карре	Решетка-крест 6 окошка	Вырез под стекло 4 мм	16mm
ТЪ-2519272	Балюстрада	По-горизонтали	Бристоль	Решетка-крест 8 окошка	Вырез под стекло 4 мм	16mm
ГО-9221618	Балюстрада	По-горизонтали	Аверса	Под стекло	Вырез под стекло 4 мм	16mm
СА-2124335	Прямой	По-горизонтали	Кардифф	Под стекло	Вырез под стекло 4 мм	16mm
ЧР-8179360	Боковина	По-горизонтали	Честер	Решетка-крест горизонтальная 8 окошек		16mm
ДД-1281797	Боковина	По-вертикали	Бристоль	Решетка-крест 4 окошка		19mm
ТЪ-2519272	Балюстрада	По-горизонтали	Понца	Решетка-крест горизонтальная 8 окошек		19mm
КЯ-8011804	Гнутый	По-вертикали	Понца	Решетка-крест 4 окошка		19mm
РХ-3917501	Балюстрада	По-вертикали	Аверса	Решетка-крест горизонтальная 8 окошек		16mm
ГО-9221618	Покраска	По-вертикали	Понца	Решетка-крест 4 окошка	Вырез под стекло 4 мм	19mm
ДБ-4468972	Гнутый	По-горизонтали	Аверса	Решетка-крест 8 окошка		16mm
ВЬ-6366636	Прямой	По-вертикали	Карре	Решетка-крест горизонтальная 8 окошек	Вырез под стекло 4 мм	19mm
ГО-9221618	Боковина	По-вертикали	Аверса	Решетка-крест 6 окошка		16mm
ОУ-4071380	Гнутый	По-горизонтали	Авиньон	Решетка-крест 6 окошка	Вырез под стекло 4 мм	16mm
КК-2928380	Покраска	По-горизонтали	Карре	Решетка-крест горизонтальная 8 окошек	Вырез под стекло 4 мм	19mm
ШЕ-5947112	Балюстрада	По-вертикали	Бристоль	Решетка-крест 6 окошка	Вырез под стекло 4 мм	19mm
КК-2928380	Боковина	По-вертикали	Авиньон	Решетка-крест горизонтальная 8 окошек	Вырез под стекло 4 мм	16mm
ДД-1281797	Покраска	По-горизонтали	Карре	Решетка-крест горизонтальная 8 окошек	Вырез под стекло 4 мм	16mm
ЕЫ-9657427	Балюстрада	По-горизонтали	Престон	Решетка-крест горизонтальная 6 окошек	Вырез под стекло 4 мм	16mm
ТЪ-2519272	Прямой	По-вертикали	Престон	Решетка-крест 4 окошка		16mm
РХ-3917501	Балюстрада	По-вертикали	Аверса	Решетка-крест горизонтальная 6 окошек	Вырез под стекло 4 мм	16mm
ЧЖ-4591269	Прямой	По-вертикали	Кардифф	Решетка-крест 4 окошка	Вырез под стекло 4 мм	19mm
АЗ-7409522	Балюстрада	По-вертикали	Кардифф	Решетка-крест горизонтальная 6 окошек	Вырез под стекло 4 мм	19mm
КК-2928380	Балюстрада	По-вертикали	Кардифф	Решетка-крест горизонтальная 8 окошек	Вырез под стекло 4 мм	19mm
РХ-3917501	Балюстрада	По-вертикали	Кардифф	Решетка-крест горизонтальная 8 окошек	Вырез под стекло 4 мм	19mm
ОУ-4071380	Балюстрада	По-горизонтали	Карре	Решетка-крест горизонтальная 6 окошек		19mm
АЗ-7409522	Покраска	По-вертикали	Честер	Под стекло	Вырез под стекло 4 мм	16mm
РХ-3917501	Прямой	По-вертикали	Кардифф	Решетка-крест 4 окошка		16mm
АЗ-7409522	Балюстрада	По-горизонтали	Аверса	Под стекло	Вырез под стекло 4 мм	19mm
ТЗ-7611639	Покраска	По-вертикали	Понца	Решетка-крест горизонтальная 8 окошек	Вырез под стекло 4 мм	19mm
РХ-3917501	Балюстрада	По-вертикали	Карре	Решетка-крест 8 окошка		16mm
ЧР-8179360	Гнутый	По-горизонтали	Кардифф	Под стекло	Вырез под стекло 4 мм	19mm
АЗ-7409522	Балюстрада	По-горизонтали	Карре	Решетка-крест 6 окошка	Вырез под стекло 4 мм	19mm
ФУ-2469742	Гнутый	По-вертикали	Бристоль	Решетка-крест 8 окошка	Вырез под стекло 4 мм	16mm
АЗ-7409522	Балюстрада	По-горизонтали	Аверса	Решетка-крест горизонтальная 8 окошек	Вырез под стекло 4 мм	16mm
ГО-9221618	Боковина	По-горизонтали	Понца	Решетка-крест горизонтальная 6 окошек		19mm
ДД-1281797	Гнутый	По-горизонтали	Карре	Решетка-крест горизонтальная 6 окошек	Вырез под стекло 4 мм	19mm
КЯ-8011804	Покраска	По-горизонтали	Понца	Решетка-крест горизонтальная 8 окошек		19mm
КЯ-8011804	Покраска	По-вертикали	Авиньон	Решетка-крест 4 окошка		19mm
ШЕ-5947112	Гнутый	По-горизонтали	Авиньон	Решетка-крест горизонтальная 8 окошек		19mm
ФУ-2469742	Покраска	По-горизонтали	Кардифф	Решетка-крест горизонтальная 8 окошек		16mm
ОУ-4071380	Прямой	По-вертикали	Карре	Под стекло		19mm
ОУ-4071380	Боковина	По-вертикали	Карре	Решетка-крест 6 окошка	Вырез под стекло 4 мм	19mm
ДД-1281797	Гнутый	По-вертикали	Честер	Под стекло		19mm
ЧЖ-4591269	Покраска	По-горизонтали	Престон	Глухой	Вырез под стекло 4 мм	19mm
ШЕ-5947112	Покраска	По-вертикали	Понца	Под стекло	Вырез под стекло 4 мм	19mm
ДД-1281797	Боковина	По-вертикали	Кардифф	Решетка-крест 4 окошка	Вырез под стекло 4 мм	19mm
ШЕ-5947112	Покраска	По-вертикали	Кардифф	Решетка-крест горизонтальная 6 окошек		16mm
ТЪ-2519272	Гнутый	По-вертикали	Карре	Под стекло	Вырез под стекло 4 мм	19mm
ШЕ-5947112	Балюстрада	По-вертикали	Честер	Решетка-крест горизонтальная 6 окошек		19mm
ТЪ-2519272	Гнутый	По-горизонтали	Кардифф	Решетка-крест 8 окошка	Вырез под стекло 4 мм	19mm
ЗБ-7479338	Балюстрада	По-горизонтали	Авиньон	Решетка-крест 8 окошка		19mm
ШЕ-5947112	Балюстрада	По-горизонтали	Честер	Глухой	Вырез под стекло 4 мм	19mm
ЗБ-7479338	Балюстрада	По-горизонтали	Кардифф	Глухой		16mm
ЕЫ-9657427	Балюстрада	По-вертикали	Понца	Решетка-крест горизонтальная 6 окошек		19mm
РХ-3917501	Прямой	По-вертикали	Карре	Решетка-крест горизонтальная 6 окошек	Вырез под стекло 4 мм	19mm
ОУ-4071380	Прямой	По-горизонтали	Кардифф	Решетка-крест 4 окошка	Вырез под стекло 4 мм	16mm
ЧР-8179360	Боковина	По-вертикали	Авиньон	Решетка-крест 6 окошка	Вырез под стекло 4 мм	19mm
КЯ-8011804	Боковина	По-горизонтали	Честер	Решетка-крест 4 окошка		16mm
КЯ-8011804	Боковина	По-горизонтали	Аверса	Решетка-крест горизонтальная 6 окошек		16mm
ШЕ-5947112	Гнутый	По-горизонтали	Честер	Решетка-крест 4 окошка	Вырез под стекло 4 мм	19mm
ФУ-2469742	Гнутый	По-вертикали	Престон	Решетка-крест 8 окошка		19mm
КК-2928380	Боковина	По-горизонтали	Понца	Решетка-крест 4 окошка	Вырез под стекло 4 мм	19mm
ЧР-8179360	Гнутый	По-вертикали	Понца	Под стекло		19mm
ТЗ-7611639	Балюстрада	По-горизонтали	Честер	Под стекло		19mm
ЗБ-7479338	Гнутый	По-горизонтали	Бристоль	Под стекло		16mm
ДД-1281797	Балюстрада	По-вертикали	Карре	Решетка-крест 8 окошка	Вырез под стекло 4 мм	16mm
РХ-3917501	Гнутый	По-горизонтали	Престон	Решетка-крест 6 окошка	Вырез под стекло 4 мм	19mm
ЧЖ-4591269	Покраска	По-вертикали	Карре	Под стекло		16mm
ШЕ-5947112	Гнутый	По-горизонтали	Карре	Решетка-крест 6 окошка	Вырез под стекло 4 мм	16mm
СА-2124335	Покраска	По-вертикали	Авиньон	Решетка-крест 4 окошка		19mm
ГО-9221618	Боковина	По-вертикали	Кардифф	Решетка-крест 8 окошка	Вырез под стекло 4 мм	19mm
КЯ-8011804	Гнутый	По-горизонтали	Авиньон	Решетка-крест 4 окошка	Вырез под стекло 4 мм	19mm
ВУ-3708985	Гнутый	По-вертикали	Карре	Под стекло		19mm
ФУ-2469742	Балюстрада	По-вертикали	Кардифф	Решетка-крест 8 окошка		19mm
КЯ-8011804	Боковина	По-горизонтали	Честер	Решетка-крест 6 окошка	Вырез под стекло 4 мм	16mm
ФУ-2469742	Покраска	По-вертикали	Честер	Решетка-крест 4 окошка		16mm
ДБ-4468972	Боковина	По-вертикали	Бристоль	Решетка-крест горизонтальная 8 окошек		16mm
ТЪ-2519272	Покраска	По-вертикали	Кардифф	Решетка-крест 6 окошка		19mm
ВЬ-6366636	Покраска	По-горизонтали	Понца	Глухой		16mm
РХ-3917501	Покраска	По-горизонтали	Кардифф	Решетка-крест 6 окошка	Вырез под стекло 4 мм	19mm
ВУ-3708985	Покраска	По-вертикали	Бристоль	Решетка-крест горизонтальная 6 окошек		19mm
ЗБ-7479338	Прямой	По-горизонтали	Понца	Решетка-крест 6 окошка	Вырез под стекло 4 мм	19mm
АЗ-7409522	Боковина	По-вертикали	Авиньон	Решетка-крест горизонтальная 6 окошек	Вырез под стекло 4 мм	16mm
КК-2928380	Балюстрада	По-горизонтали	Авиньон	Решетка-крест 4 окошка		19mm
ЗБ-7479338	Боковина	По-горизонтали	Бристоль	Решетка-крест 4 окошка		19mm
ШЕ-5947112	Покраска	По-горизонтали	Честер	Под стекло		19mm
РХ-3917501	Балюстрада	По-горизонтали	Аверса	Решетка-крест горизонтальная 8 окошек		19mm
КК-2928380	Покраска	По-горизонтали	Честер	Под стекло	Вырез под стекло 4 мм	16mm
ОУ-4071380	Покраска	По-вертикали	Честер	Решетка-крест 6 окошка	Вырез под стекло 4 мм	19mm
ЗБ-7479338	Покраска	По-вертикали	Понца	Решетка-крест 4 окошка	Вырез под стекло 4 мм	16mm
ЧР-8179360	Покраска	По-горизонтали	Честер	Решетка-крест горизонтальная 8 окошек	Вырез под стекло 4 мм	19mm
ШЕ-5947112	Гнутый	По-горизонтали	Авиньон	Решетка-крест 6 окошка	Вырез под стекло 4 мм	16mm
ЧР-8179360	Боковина	По-вертикали	Честер	Решетка-крест 6 окошка	Вырез под стекло 4 мм	19mm
ЧР-8179360	Покраска	По-вертикали	Кардифф	Решетка-крест горизонтальная 6 окошек		19mm
ФУ-2469742	Покраска	По-вертикали	Престон	Решетка-крест 6 окошка		19mm
РУ-7251775	Балюстрада	По-горизонтали	Понца	Решетка-крест горизонтальная 8 окошек		16mm
ДБ-4468972	Балюстрада	По-горизонтали	Авиньон	Решетка-крест горизонтальная 6 окошек		19mm
ГО-9221618	Балюстрада	По-вертикали	Понца	Решетка-крест горизонтальная 6 окошек	Вырез под стекло 4 мм	16mm
ЗБ-7479338	Балюстрада	По-горизонтали	Кардифф	Решетка-крест горизонтальная 8 окошек		16mm
ГО-9221618	Боковина	По-вертикали	Честер	Решетка-крест 6 окошка		16mm
ГО-9221618	Балюстрада	По-вертикали	Авиньон	Под стекло		19mm
ШЕ-5947112	Покраска	По-вертикали	Карре	Решетка-крест 6 окошка		16mm
ТЗ-7611639	Гнутый	По-вертикали	Карре	Решетка-крест горизонтальная 6 окошек	Вырез под стекло 4 мм	19mm
АЗ-7409522	Покраска	По-горизонтали	Понца	Решетка-крест горизонтальная 8 окошек	Вырез под стекло 4 мм	19mm
ГО-9221618	Балюстрада	По-горизонтали	Карре	Глухой	Вырез под стекло 4 мм	19mm
ТЪ-2519272	Прямой	По-горизонтали	Понца	Решетка-крест 6 окошка	Вырез под стекло 4 мм	16mm
РУ-7251775	Боковина	По-горизонтали	Честер	Решетка-крест горизонтальная 8 окошек		19mm
ДД-1281797	Гнутый	По-горизонтали	Авиньон	Глухой	Вырез под стекло 4 мм	16mm
РУ-7251775	Боковина	По-горизонтали	Бристоль	Решетка-крест горизонтальная 8 окошек	Вырез под стекло 4 мм	19mm
ГО-9221618	Покраска	По-вертикали	Карре	Решетка-крест горизонтальная 6 окошек	Вырез под стекло 4 мм	16mm
КЯ-8011804	Прямой	По-вертикали	Карре	Решетка-крест горизонтальная 8 окошек		16mm
ГО-9221618	Боковина	По-горизонтали	Авиньон	Решетка-крест 6 окошка	Вырез под стекло 4 мм	16mm
ВЬ-6366636	Балюстрада	По-горизонтали	Честер	Решетка-крест 6 окошка	Вырез под стекло 4 мм	19mm
ЧЖ-4591269	Балюстрада	По-горизонтали	Карре	Решетка-крест 4 окошка		19mm
ДБ-4468972	Покраска	По-горизонтали	Понца	Решетка-крест горизонтальная 8 окошек	Вырез под стекло 4 мм	16mm
РХ-3917501	Балюстрада	По-горизонтали	Карре	Под стекло		19mm
ЕЫ-9657427	Боковина	По-вертикали	Авиньон	Решетка-крест горизонтальная 6 окошек		16mm
ФУ-2469742	Балюстрада	По-горизонтали	Бристоль	Глухой		16mm
РУ-7251775	Прямой	По-вертикали	Кардифф	Решетка-крест горизонтальная 8 окошек		19mm
ЧР-8179360	Балюстрада	По-вертикали	Аверса	Под стекло		19mm
РУ-7251775	Гнутый	По-вертикали	Кардифф	Решетка-крест горизонтальная 8 окошек	Вырез под стекло 4 мм	19mm
ТЪ-2519272	Балюстрада	По-вертикали	Престон	Решетка-крест 8 окошка	Вырез под стекло 4 мм	19mm
РУ-7251775	Гнутый	По-вертикали	Бристоль	Под стекло		19mm
ДБ-4468972	Покраска	По-вертикали	Авиньон	Решетка-крест горизонтальная 6 окошек	Вырез под стекло 4 мм	19mm
РУ-7251775	Балюстрада	По-горизонтали	Карре	Под стекло		19mm
ДД-1281797	Прямой	По-вертикали	Авиньон	Под стекло	Вырез под стекло 4 мм	19mm
ШЕ-5947112	Боковина	По-вертикали	Честер	Решетка-крест 4 окошка		19mm
СА-2124335	Гнутый	По-вертикали	Авиньон	Решетка-крест горизонтальная 8 окошек	Вырез под стекло 4 мм	16mm
ЧР-8179360	Прямой	По-вертикали	Авиньон	Глухой	Вырез под стекло 4 мм	16mm
ТЗ-7611639	Балюстрада	По-вертикали	Престон	Решетка-крест 8 окошка		16mm
ДБ-4468972	Балюстрада	По-горизонтали	Аверса	Решетка-крест 4 окошка	Вырез под стекло 4 мм	16mm
КЯ-8011804	Гнутый	По-вертикали	Бристоль	Решетка-крест горизонтальная 6 окошек		19mm
КК-2928380	Боковина	По-вертикали	Бристоль	Решетка-крест горизонтальная 8 окошек		19mm
ШЕ-5947112	Прямой	По-вертикали	Честер	Решетка-крест горизонтальная 6 окошек		19mm
СА-2124335	Покраска	По-вертикали	Честер	Решетка-крест 4 окошка		19mm
ТЗ-7611639	Гнутый	По-вертикали	Авиньон	Под стекло		16mm
КК-2928380	Гнутый	По-вертикали	Честер	Под стекло		19mm
ЧР-8179360	Покраска	По-горизонтали	Престон	Решетка-крест горизонтальная 6 окошек		19mm
ШЕ-5947112	Балюстрада	По-горизонтали	Понца	Под стекло		16mm
ГО-9221618	Боковина	По-горизонтали	Аверса	Решетка-крест 6 окошка	Вырез под стекло 4 мм	16mm
ЗБ-7479338	Гнутый	По-горизонтали	Карре	Глухой	Вырез под стекло 4 мм	19mm
ГО-9221618	Покраска	По-вертикали	Бристоль	Решетка-крест горизонтальная 8 окошек		19mm
ЧЖ-4591269	Прямой	По-горизонтали	Кардифф	Решетка-крест горизонтальная 6 окошек		16mm
ДБ-4468972	Балюстрада	По-горизонтали	Бристоль	Решетка-крест 6 окошка		16mm
ОУ-4071380	Прямой	По-вертикали	Кардифф	Решетка-крест горизонтальная 6 окошек	Вырез под стекло 4 мм	19mm
ТЪ-2519272	Балюстрада	По-горизонтали	Престон	Под стекло		19mm
ЧР-8179360	Покраска	По-вертикали	Понца	Решетка-крест горизонтальная 6 окошек	Вырез под стекло 4 мм	16mm
ДД-1281797	Балюстрада	По-вертикали	Понца	Решетка-крест 8 окошка		19mm
РХ-3917501	Балюстрада	По-горизонтали	Кардифф	Решетка-крест 4 окошка		19mm
ШЕ-5947112	Боковина	По-горизонтали	Честер	Решетка-крест 8 окошка	Вырез под стекло 4 мм	16mm
ДД-1281797	Прямой	По-вертикали	Карре	Решетка-крест 6 окошка		16mm
ВУ-3708985	Покраска	По-вертикали	Бристоль	Решетка-крест 8 окошка		19mm
РУ-7251775	Прямой	По-горизонтали	Честер	Под стекло	Вырез под стекло 4 мм	19mm
ВЬ-6366636	Гнутый	По-вертикали	Карре	Под стекло	Вырез под стекло 4 мм	16mm
СА-2124335	Покраска	По-вертикали	Честер	Решетка-крест 8 окошка	Вырез под стекло 4 мм	19mm
ВУ-3708985	Покраска	По-вертикали	Кардифф	Решетка-крест 6 окошка	Вырез под стекло 4 мм	19mm
АЗ-7409522	Балюстрада	По-горизонтали	Понца	Решетка-крест 4 окошка		16mm
ГО-9221618	Балюстрада	По-горизонтали	Честер	Под стекло		16mm
СА-2124335	Гнутый	По-горизонтали	Кардифф	Решетка-крест 4 окошка		19mm
ДД-1281797	Балюстрада	По-вертикали	Честер	Решетка-крест 6 окошка	Вырез под стекло 4 мм	19mm
ЕЫ-9657427	Гнутый	По-вертикали	Карре	Под стекло	Вырез под стекло 4 мм	16mm
ЧЖ-4591269	Гнутый	По-горизонтали	Аверса	Решетка-крест горизонтальная 8 окошек	Вырез под стекло 4 мм	16mm
ТЪ-2519272	Гнутый	По-горизонтали	Понца	Решетка-крест 4 окошка	Вырез под стекло 4 мм	19mm
ДБ-4468972	Боковина	По-вертикали	Престон	Решетка-крест 6 окошка		16mm
СА-2124335	Гнутый	По-вертикали	Понца	Решетка-крест горизонтальная 6 окошек		16mm
ТЪ-2519272	Покраска	По-горизонтали	Понца	Глухой		16mm
ЧР-8179360	Покраска	По-вертикали	Бристоль	Решетка-крест горизонтальная 6 окошек		16mm
ОУ-4071380	Балюстрада	По-горизонтали	Бристоль	Решетка-крест 8 окошка		19mm
ЗБ-7479338	Прямой	По-вертикали	Авиньон	Решетка-крест горизонтальная 8 окошек	Вырез под стекло 4 мм	19mm
РУ-7251775	Балюстрада	По-вертикали	Понца	Решетка-крест 6 окошка	Вырез под стекло 4 мм	16mm
ЧР-8179360	Боковина	По-горизонтали	Бристоль	Под стекло		19mm
ДД-1281797	Прямой	По-вертикали	Авиньон	Решетка-крест 6 окошка		16mm
ЧР-8179360	Покраска	По-горизонтали	Честер	Решетка-крест 6 окошка		19mm
ФУ-2469742	Гнутый	По-вертикали	Честер	Решетка-крест 4 окошка	Вырез под стекло 4 мм	16mm
ЧР-8179360	Балюстрада	По-вертикали	Престон	Решетка-крест 4 окошка	Вырез под стекло 4 мм	16mm
ТЪ-2519272	Покраска	По-вертикали	Понца	Решетка-крест горизонтальная 8 окошек	Вырез под стекло 4 мм	16mm
РУ-7251775	Боковина	По-горизонтали	Кардифф	Под стекло		16mm
КК-2928380	Гнутый	По-вертикали	Честер	Под стекло	Вырез под стекло 4 мм	19mm
ЧР-8179360	Покраска	По-горизонтали	Авиньон	Под стекло		16mm
ШЕ-5947112	Гнутый	По-горизонтали	Карре	Решетка-крест 4 окошка	Вырез под стекло 4 мм	19mm
ЗБ-7479338	Балюстрада	По-вертикали	Карре	Решетка-крест 8 окошка	Вырез под стекло 4 мм	16mm
ГО-9221618	Боковина	По-вертикали	Честер	Решетка-крест 6 окошка		16mm
АЗ-7409522	Гнутый	По-горизонтали	Авиньон	Решетка-крест 6 окошка	Вырез под стекло 4 мм	19mm
ДБ-4468972	Балюстрада	По-вертикали	Кардифф	Под стекло	Вырез под стекло 4 мм	16mm
КЯ-8011804	Покраска	По-вертикали	Понца	Решетка-крест горизонтальная 6 окошек	Вырез под стекло 4 мм	16mm
РХ-3917501	Покраска	По-вертикали	Престон	Глухой		19mm
ЧР-8179360	Покраска	По-вертикали	Аверса	Под стекло	Вырез под стекло 4 мм	16mm
РУ-7251775	Балюстрада	По-вертикали	Кардифф	Решетка-крест горизонтальная 6 окошек	Вырез под стекло 4 мм	19mm
ДД-1281797	Боковина	По-горизонтали	Честер	Решетка-крест 8 окошка		16mm
ОУ-4071380	Гнутый	По-вертикали	Честер	Решетка-крест 4 окошка	Вырез под стекло 4 мм	19mm
РУ-7251775	Гнутый	По-вертикали	Кардифф	Решетка-крест 6 окошка		19mm
РУ-7251775	Прямой	По-горизонтали	Авиньон	Решетка-крест горизонтальная 6 окошек	Вырез под стекло 4 мм	16mm
КЯ-8011804	Покраска	По-вертикали	Авиньон	Решетка-крест 6 окошка		16mm
ТЗ-7611639	Покраска	По-вертикали	Авиньон	Решетка-крест горизонтальная 6 окошек		19mm
ФУ-2469742	Прямой	По-горизонтали	Честер	Под стекло	Вырез под стекло 4 мм	16mm
ЗБ-7479338	Боковина	По-горизонтали	Аверса	Решетка-крест горизонтальная 8 окошек	Вырез под стекло 4 мм	19mm
СА-2124335	Боковина	По-вертикали	Понца	Под стекло	Вырез под стекло 4 мм	16mm
ДБ-4468972	Покраска	По-горизонтали	Авиньон	Под стекло		19mm
РХ-3917501	Гнутый	По-вертикали	Аверса	Решетка-крест 8 окошка	Вырез под стекло 4 мм	19mm
ВУ-3708985	Гнутый	По-вертикали	Авиньон	Решетка-крест 4 окошка		16mm
ОУ-4071380	Покраска	По-вертикали	Кардифф	Решетка-крест 6 окошка		19mm
ЧР-8179360	Покраска	По-вертикали	Карре	Глухой		19mm
ВУ-3708985	Балюстрада	По-вертикали	Авиньон	Решетка-крест 8 окошка	Вырез под стекло 4 мм	16mm
ЗБ-7479338	Гнутый	По-горизонтали	Престон	Решетка-крест горизонтальная 6 окошек	Вырез под стекло 4 мм	16mm
ЧЖ-4591269	Гнутый	По-горизонтали	Престон	Под стекло	Вырез под стекло 4 мм	19mm
ДД-1281797	Боковина	По-горизонтали	Карре	Глухой	Вырез под стекло 4 мм	19mm
ФУ-2469742	Балюстрада	По-вертикали	Карре	Решетка-крест 4 окошка	Вырез под стекло 4 мм	19mm
ШЕ-5947112	Покраска	По-вертикали	Честер	Решетка-крест 4 окошка	Вырез под стекло 4 мм	16mm
ЧР-8179360	Боковина	По-горизонтали	Авиньон	Под стекло		16mm
РУ-7251775	Боковина	По-вертикали	Честер	Решетка-крест горизонтальная 8 окошек		19mm
ВУ-3708985	Прямой	По-горизонтали	Кардифф	Решетка-крест горизонтальная 6 окошек	Вырез под стекло 4 мм	16mm
КК-2928380	Балюстрада	По-вертикали	Престон	Решетка-крест 6 окошка	Вырез под стекло 4 мм	16mm
СА-2124335	Балюстрада	По-вертикали	Бристоль	Решетка-крест горизонтальная 8 окошек	Вырез под стекло 4 мм	19mm
РУ-7251775	Гнутый	По-горизонтали	Кардифф	Под стекло	Вырез под стекло 4 мм	19mm
РХ-3917501	Покраска	По-горизонтали	Авиньон	Под стекло		19mm
ОУ-4071380	Боковина	По-горизонтали	Карре	Под стекло	Вырез под стекло 4 мм	19mm
ОУ-4071380	Прямой	По-горизонтали	Бристоль	Решетка-крест 4 окошка	Вырез под стекло 4 мм	16mm
ДБ-4468972	Балюстрада	По-вертикали	Кардифф	Решетка-крест 6 окошка	Вырез под стекло 4 мм	16mm
ОУ-4071380	Прямой	По-вертикали	Понца	Решетка-крест горизонтальная 6 окошек		16mm
ФУ-2469742	Боковина	По-горизонтали	Карре	Решетка-крест 8 окошка		19mm
ЗБ-7479338	Боковина	По-горизонтали	Честер	Глухой	Вырез под стекло 4 мм	19mm
ВУ-3708985	Боковина	По-вертикали	Кардифф	Решетка-крест горизонтальная 6 окошек	Вырез под стекло 4 мм	19mm
ЧР-8179360	Гнутый	По-вертикали	Бристоль	Решетка-крест 6 окошка		19mm
ВУ-3708985	Покраска	По-вертикали	Бристоль	Решетка-крест горизонтальная 6 окошек	Вырез под стекло 4 мм	16mm
ШЕ-5947112	Гнутый	По-горизонтали	Честер	Решетка-крест 8 окошка	Вырез под стекло 4 мм	16mm
КК-2928380	Гнутый	По-вертикали	Аверса	Решетка-крест 6 окошка	Вырез под стекло 4 мм	19mm
ЕЫ-9657427	Балюстрада	По-горизонтали	Карре	Под стекло		19mm
КЯ-8011804	Прямой	По-вертикали	Кардифф	Решетка-крест 6 окошка	Вырез под стекло 4 мм	19mm
КЯ-8011804	Боковина	По-горизонтали	Авиньон	Решетка-крест 4 окошка	Вырез под стекло 4 мм	16mm
ЧЖ-4591269	Гнутый	По-вертикали	Честер	Решетка-крест горизонтальная 8 окошек	Вырез под стекло 4 мм	16mm
ФУ-2469742	Боковина	По-горизонтали	Честер	Решетка-крест 4 окошка		16mm
ЕЫ-9657427	Покраска	По-вертикали	Кардифф	Решетка-крест 4 окошка	Вырез под стекло 4 мм	16mm
СА-2124335	Покраска	По-вертикали	Карре	Решетка-крест 4 окошка		19mm
РХ-3917501	Боковина	По-вертикали	Авиньон	Решетка-крест 4 окошка	Вырез под стекло 4 мм	16mm
КЯ-8011804	Покраска	По-горизонтали	Понца	Под стекло		19mm
АЗ-7409522	Покраска	По-горизонтали	Кардифф	Решетка-крест горизонтальная 8 окошек		16mm
ТЪ-2519272	Гнутый	По-горизонтали	Авиньон	Решетка-крест горизонтальная 8 окошек		16mm
ЧЖ-4591269	Балюстрада	По-вертикали	Честер	Решетка-крест горизонтальная 8 окошек	Вырез под стекло 4 мм	19mm
ОУ-4071380	Гнутый	По-вертикали	Авиньон	Решетка-крест 6 окошка		16mm
ЕЫ-9657427	Покраска	По-вертикали	Понца	Под стекло	Вырез под стекло 4 мм	16mm
ДБ-4468972	Покраска	По-вертикали	Честер	Решетка-крест 4 окошка		19mm
РУ-7251775	Гнутый	По-вертикали	Понца	Глухой		19mm
ДД-1281797	Гнутый	По-вертикали	Бристоль	Под стекло	Вырез под стекло 4 мм	19mm
АЗ-7409522	Балюстрада	По-горизонтали	Авиньон	Под стекло		19mm
ЗБ-7479338	Гнутый	По-горизонтали	Авиньон	Решетка-крест 8 окошка	Вырез под стекло 4 мм	19mm
ГО-9221618	Балюстрада	По-горизонтали	Престон	Решетка-крест 4 окошка	Вырез под стекло 4 мм	16mm
РХ-3917501	Прямой	По-вертикали	Бристоль	Решетка-крест горизонтальная 6 окошек	Вырез под стекло 4 мм	16mm
ЧЖ-4591269	Покраска	По-вертикали	Кардифф	Решетка-крест горизонтальная 6 окошек	Вырез под стекло 4 мм	16mm
ШЕ-5947112	Боковина	По-вертикали	Карре	Решетка-крест 6 окошка		19mm
КК-2928380	Покраска	По-вертикали	Престон	Решетка-крест горизонтальная 6 окошек	Вырез под стекло 4 мм	19mm
ДД-1281797	Гнутый	По-горизонтали	Кардифф	Под стекло	Вырез под стекло 4 мм	16mm
ДД-1281797	Прямой	По-вертикали	Авиньон	Решетка-крест 6 окошка		16mm
ЧР-8179360	Балюстрада	По-горизонтали	Авиньон	Решетка-крест горизонтальная 6 окошек		19mm
ТЗ-7611639	Покраска	По-горизонтали	Честер	Глухой	Вырез под стекло 4 мм	19mm
ВЬ-6366636	Покраска	По-горизонтали	Престон	Решетка-крест горизонтальная 8 окошек		19mm
ТЪ-2519272	Гнутый	По-вертикали	Карре	Решетка-крест 6 окошка	Вырез под стекло 4 мм	16mm
ТЗ-7611639	Покраска	По-горизонтали	Понца	Решетка-крест горизонтальная 6 окошек		16mm
АЗ-7409522	Боковина	По-вертикали	Авиньон	Решетка-крест 6 окошка	Вырез под стекло 4 мм	19mm
ДБ-4468972	Покраска	По-горизонтали	Карре	Глухой	Вырез под стекло 4 мм	16mm
КЯ-8011804	Гнутый	По-горизонтали	Честер	Решетка-крест горизонтальная 8 окошек	Вырез под стекло 4 мм	16mm
ЕЫ-9657427	Покраска	По-горизонтали	Понца	Решетка-крест горизонтальная 6 окошек	Вырез под стекло 4 мм	16mm
ЧЖ-4591269	Прямой	По-горизонтали	Престон	Решетка-крест 4 окошка		19mm
РХ-3917501	Боковина	По-вертикали	Авиньон	Решетка-крест 4 окошка		19mm
ДД-1281797	Покраска	По-вертикали	Кардифф	Решетка-крест 4 окошка		19mm
ЧР-8179360	Покраска	По-горизонтали	Бристоль	Решетка-крест горизонтальная 8 окошек		16mm
ЧЖ-4591269	Балюстрада	По-вертикали	Кардифф	Глухой	Вырез под стекло 4 мм	16mm
КЯ-8011804	Покраска	По-горизонтали	Авиньон	Решетка-крест горизонтальная 8 окошек		16mm
ТЪ-2519272	Гнутый	По-горизонтали	Авиньон	Решетка-крест горизонтальная 8 окошек	Вырез под стекло 4 мм	16mm
РУ-7251775	Покраска	По-горизонтали	Кардифф	Решетка-крест 4 окошка	Вырез под стекло 4 мм	19mm
ДБ-4468972	Балюстрада	По-горизонтали	Престон	Решетка-крест 4 окошка		16mm
СА-2124335	Балюстрада	По-вертикали	Честер	Решетка-крест горизонтальная 8 окошек	Вырез под стекло 4 мм	16mm
ЧР-8179360	Гнутый	По-вертикали	Честер	Решетка-крест 4 окошка	Вырез под стекло 4 мм	19mm
КК-2928380	Балюстрада	По-вертикали	Авиньон	Решетка-крест горизонтальная 8 окошек	Вырез под стекло 4 мм	19mm
КЯ-8011804	Гнутый	По-горизонтали	Престон	Решетка-крест горизонтальная 8 окошек		19mm
РУ-7251775	Покраска	По-вертикали	Аверса	Решетка-крест 4 окошка	Вырез под стекло 4 мм	16mm
ЗБ-7479338	Балюстрада	По-вертикали	Понца	Решетка-крест 4 окошка		19mm
ФУ-2469742	Гнутый	По-вертикали	Карре	Решетка-крест горизонтальная 6 окошек		19mm
ОУ-4071380	Покраска	По-вертикали	Авиньон	Решетка-крест горизонтальная 8 окошек	Вырез под стекло 4 мм	16mm
РХ-3917501	Покраска	По-вертикали	Кардифф	Решетка-крест 6 окошка		19mm
РХ-3917501	Прямой	По-горизонтали	Карре	Решетка-крест 4 окошка	Вырез под стекло 4 мм	16mm
ДД-1281797	Прямой	По-вертикали	Карре	Решетка-крест 8 окошка	Вырез под стекло 4 мм	16mm
ВУ-3708985	Прямой	По-горизонтали	Понца	Глухой		16mm
ЗБ-7479338	Прямой	По-горизонтали	Карре	Решетка-крест 6 окошка		16mm
РХ-3917501	Гнутый	По-вертикали	Понца	Решетка-крест горизонтальная 8 окошек		19mm
РХ-3917501	Прямой	По-вертикали	Престон	Решетка-крест горизонтальная 8 окошек	Вырез под стекло 4 мм	16mm
ШЕ-5947112	Гнутый	По-вертикали	Бристоль	Решетка-крест 6 окошка		19mm
ШЕ-5947112	Покраска	По-горизонтали	Понца	Решетка-крест горизонтальная 6 окошек		16mm
ГО-9221618	Балюстрада	По-вертикали	Кардифф	Решетка-крест горизонтальная 8 окошек	Вырез под стекло 4 мм	19mm
ГО-9221618	Гнутый	По-горизонтали	Авиньон	Решетка-крест горизонтальная 6 окошек	Вырез под стекло 4 мм	19mm
ЕЫ-9657427	Покраска	По-горизонтали	Бристоль	Решетка-крест 4 окошка		16mm
ТЪ-2519272	Покраска	По-горизонтали	Аверса	Решетка-крест 4 окошка	Вырез под стекло 4 мм	19mm
ДД-1281797	Боковина	По-вертикали	Престон	Решетка-крест 4 окошка		16mm
ТЪ-2519272	Покраска	По-горизонтали	Понца	Решетка-крест 4 окошка		19mm
ФУ-2469742	Балюстрада	По-вертикали	Честер	Решетка-крест горизонтальная 6 окошек		19mm
ЗБ-7479338	Балюстрада	По-вертикали	Понца	Под стекло	Вырез под стекло 4 мм	19mm
КЯ-8011804	Балюстрада	По-горизонтали	Кардифф	Решетка-крест горизонтальная 8 окошек		19mm
РХ-3917501	Боковина	По-горизонтали	Авиньон	Решетка-крест горизонтальная 8 окошек		19mm
ЧР-8179360	Гнутый	По-горизонтали	Карре	Решетка-крест 4 окошка	Вырез под стекло 4 мм	19mm
ТЪ-2519272	Прямой	По-вертикали	Бристоль	Решетка-крест 6 окошка		19mm
ЧЖ-4591269	Гнутый	По-вертикали	Аверса	Решетка-крест 4 окошка		19mm
ЧЖ-4591269	Балюстрада	По-горизонтали	Бристоль	Под стекло		19mm
ВЬ-6366636	Покраска	По-вертикали	Понца	Решетка-крест 6 окошка	Вырез под стекло 4 мм	16mm
ЧР-8179360	Боковина	По-горизонтали	Кардифф	Решетка-крест горизонтальная 8 окошек		19mm
ДБ-4468972	Гнутый	По-вертикали	Карре	Решетка-крест 8 окошка	Вырез под стекло 4 мм	19mm
ВЬ-6366636	Гнутый	По-вертикали	Карре	Решетка-крест горизонтальная 8 окошек	Вырез под стекло 4 мм	16mm
ШЕ-5947112	Прямой	По-горизонтали	Понца	Решетка-крест 6 окошка		19mm
РХ-3917501	Балюстрада	По-вертикали	Аверса	Решетка-крест горизонтальная 6 окошек	Вырез под стекло 4 мм	16mm
КЯ-8011804	Балюстрада	По-вертикали	Карре	Решетка-крест горизонтальная 6 окошек		16mm
АЗ-7409522	Боковина	По-вертикали	Бристоль	Решетка-крест горизонтальная 6 окошек		16mm
ЗБ-7479338	Боковина	По-горизонтали	Бристоль	Под стекло		16mm
РХ-3917501	Покраска	По-вертикали	Престон	Решетка-крест горизонтальная 8 окошек		19mm
СА-2124335	Боковина	По-вертикали	Бристоль	Глухой		19mm
ЧЖ-4591269	Покраска	По-вертикали	Кардифф	Решетка-крест 4 окошка	Вырез под стекло 4 мм	16mm
КК-2928380	Боковина	По-горизонтали	Понца	Глухой	Вырез под стекло 4 мм	19mm
ЗБ-7479338	Прямой	По-горизонтали	Бристоль	Решетка-крест 4 окошка		16mm
ГО-9221618	Покраска	По-вертикали	Понца	Решетка-крест 6 окошка	Вырез под стекло 4 мм	19mm
ШЕ-5947112	Покраска	По-вертикали	Аверса	Решетка-крест 6 окошка		19mm
ТЗ-7611639	Покраска	По-вертикали	Бристоль	Под стекло		19mm
ЧЖ-4591269	Балюстрада	По-вертикали	Карре	Под стекло		16mm
ЧЖ-4591269	Прямой	По-горизонтали	Понца	Решетка-крест 6 окошка	Вырез под стекло 4 мм	19mm
ГО-9221618	Покраска	По-вертикали	Понца	Решетка-крест 4 окошка	Вырез под стекло 4 мм	19mm
ЧР-8179360	Гнутый	По-вертикали	Аверса	Решетка-крест 4 окошка	Вырез под стекло 4 мм	16mm
ТЗ-7611639	Прямой	По-горизонтали	Авиньон	Решетка-крест горизонтальная 6 окошек		19mm
ВУ-3708985	Прямой	По-горизонтали	Честер	Решетка-крест горизонтальная 6 окошек		16mm
КЯ-8011804	Гнутый	По-вертикали	Честер	Решетка-крест 8 окошка	Вырез под стекло 4 мм	19mm
КК-2928380	Балюстрада	По-горизонтали	Карре	Решетка-крест 6 окошка		19mm
ФУ-2469742	Гнутый	По-вертикали	Понца	Решетка-крест 6 окошка		16mm
ВУ-3708985	Балюстрада	По-вертикали	Бристоль	Решетка-крест 6 окошка		19mm
ЧР-8179360	Прямой	По-горизонтали	Честер	Решетка-крест горизонтальная 8 окошек		19mm
ФУ-2469742	Прямой	По-вертикали	Бристоль	Под стекло	Вырез под стекло 4 мм	16mm
РУ-7251775	Гнутый	По-вертикали	Авиньон	Решетка-крест горизонтальная 8 окошек	Вырез под стекло 4 мм	19mm
ГО-9221618	Гнутый	По-горизонтали	Престон	Решетка-крест 6 окошка		19mm
РХ-3917501	Гнутый	По-горизонтали	Авиньон	Решетка-крест горизонтальная 8 окошек		16mm
ЧЖ-4591269	Покраска	По-вертикали	Карре	Решетка-крест 8 окошка		16mm
СА-2124335	Боковина	По-горизонтали	Понца	Решетка-крест 6 окошка	Вырез под стекло 4 мм	16mm
ТЪ-2519272	Прямой	По-горизонтали	Честер	Под стекло	Вырез под стекло 4 мм	16mm
ЕЫ-9657427	Гнутый	По-вертикали	Бристоль	Решетка-крест горизонтальная 8 окошек	Вырез под стекло 4 мм	16mm
ВУ-3708985	Прямой	По-горизонтали	Кардифф	Решетка-крест горизонтальная 6 окошек		19mm
АЗ-7409522	Боковина	По-вертикали	Понца	Глухой		19mm
ЧР-8179360	Боковина	По-горизонтали	Честер	Решетка-крест горизонтальная 6 окошек	Вырез под стекло 4 мм	16mm
ДБ-4468972	Боковина	По-вертикали	Бристоль	Решетка-крест горизонтальная 6 окошек	Вырез под стекло 4 мм	16mm
СА-2124335	Гнутый	По-вертикали	Бристоль	Под стекло		16mm
ФУ-2469742	Балюстрада	По-вертикали	Понца	Решетка-крест 4 окошка		19mm
ДБ-4468972	Покраска	По-горизонтали	Карре	Решетка-крест 4 окошка	Вырез под стекло 4 мм	16mm
ЗБ-7479338	Балюстрада	По-горизонтали	Карре	Решетка-крест 4 окошка		19mm
КЯ-8011804	Прямой	По-горизонтали	Понца	Решетка-крест 4 окошка	Вырез под стекло 4 мм	19mm
ДД-1281797	Гнутый	По-горизонтали	Аверса	Решетка-крест горизонтальная 8 окошек	Вырез под стекло 4 мм	19mm
ЧР-8179360	Гнутый	По-горизонтали	Честер	Решетка-крест 6 окошка		19mm
ВУ-3708985	Покраска	По-вертикали	Кардифф	Под стекло	Вырез под стекло 4 мм	19mm
ЧР-8179360	Прямой	По-вертикали	Честер	Решетка-крест 8 окошка		16mm
ДД-1281797	Покраска	По-вертикали	Бристоль	Решетка-крест 8 окошка	Вырез под стекло 4 мм	16mm
ДБ-4468972	Покраска	По-горизонтали	Кардифф	Под стекло		19mm
ЧЖ-4591269	Прямой	По-вертикали	Престон	Решетка-крест 4 окошка	Вырез под стекло 4 мм	16mm
ГО-9221618	Боковина	По-вертикали	Понца	Под стекло	Вырез под стекло 4 мм	16mm
ВЬ-6366636	Балюстрада	По-вертикали	Бристоль	Решетка-крест 6 окошка	Вырез под стекло 4 мм	19mm
ВУ-3708985	Покраска	По-вертикали	Честер	Под стекло		19mm
КК-2928380	Балюстрада	По-вертикали	Аверса	Решетка-крест 8 окошка	Вырез под стекло 4 мм	19mm
СА-2124335	Балюстрада	По-горизонтали	Авиньон	Решетка-крест горизонтальная 8 окошек		16mm
ЧЖ-4591269	Покраска	По-горизонтали	Бристоль	Под стекло	Вырез под стекло 4 мм	19mm
ДД-1281797	Балюстрада	По-горизонтали	Аверса	Решетка-крест горизонтальная 8 окошек		19mm
ВУ-3708985	Балюстрада	По-горизонтали	Кардифф	Решетка-крест 6 окошка		16mm
КЯ-8011804	Балюстрада	По-горизонтали	Карре	Решетка-крест 8 окошка	Вырез под стекло 4 мм	16mm
ТЪ-2519272	Боковина	По-горизонтали	Авиньон	Решетка-крест 6 окошка		16mm
ОУ-4071380	Балюстрада	По-вертикали	Аверса	Решетка-крест 6 окошка		19mm
ФУ-2469742	Гнутый	По-вертикали	Бристоль	Решетка-крест горизонтальная 6 окошек	Вырез под стекло 4 мм	16mm
РХ-3917501	Гнутый	По-вертикали	Кардифф	Под стекло	Вырез под стекло 4 мм	19mm
СА-2124335	Балюстрада	По-вертикали	Карре	Решетка-крест 6 окошка		16mm
ДД-1281797	Гнутый	По-вертикали	Авиньон	Решетка-крест 4 окошка	Вырез под стекло 4 мм	16mm
КК-2928380	Покраска	По-горизонтали	Карре	Решетка-крест горизонтальная 6 окошек		16mm
ВЬ-6366636	Прямой	По-вертикали	Авиньон	Решетка-крест горизонтальная 6 окошек	Вырез под стекло 4 мм	19mm
ОУ-4071380	Балюстрада	По-горизонтали	Понца	Решетка-крест горизонтальная 6 окошек		19mm
КК-2928380	Боковина	По-вертикали	Престон	Решетка-крест горизонтальная 8 окошек		19mm
ДД-1281797	Балюстрада	По-вертикали	Бристоль	Под стекло		16mm
ШЕ-5947112	Гнутый	По-вертикали	Бристоль	Решетка-крест горизонтальная 8 окошек		19mm
ЧР-8179360	Балюстрада	По-горизонтали	Престон	Решетка-крест 8 окошка		19mm
КЯ-8011804	Покраска	По-горизонтали	Честер	Глухой		19mm
ВУ-3708985	Покраска	По-горизонтали	Бристоль	Решетка-крест горизонтальная 6 окошек	Вырез под стекло 4 мм	19mm
СА-2124335	Прямой	По-вертикали	Карре	Решетка-крест 6 окошка		19mm
ОУ-4071380	Покраска	По-горизонтали	Карре	Решетка-крест горизонтальная 6 окошек		19mm
ОУ-4071380	Покраска	По-вертикали	Честер	Решетка-крест горизонтальная 8 окошек		19mm
ДБ-4468972	Покраска	По-горизонтали	Аверса	Под стекло		19mm
ДБ-4468972	Балюстрада	По-горизонтали	Карре	Решетка-крест 8 окошка	Вырез под стекло 4 мм	16mm
РУ-7251775	Балюстрада	По-вертикали	Честер	Решетка-крест 6 окошка	Вырез под стекло 4 мм	19mm
ШЕ-5947112	Балюстрада	По-вертикали	Понца	Решетка-крест горизонтальная 6 окошек		16mm
СА-2124335	Прямой	По-вертикали	Авиньон	Решетка-крест горизонтальная 8 окошек	Вырез под стекло 4 мм	19mm
ГО-9221618	Прямой	По-горизонтали	Честер	Решетка-крест горизонтальная 8 окошек	Вырез под стекло 4 мм	19mm
ОУ-4071380	Прямой	По-вертикали	Понца	Решетка-крест 4 окошка	Вырез под стекло 4 мм	16mm
ВУ-3708985	Покраска	По-горизонтали	Бристоль	Решетка-крест 6 окошка	Вырез под стекло 4 мм	19mm
КЯ-8011804	Покраска	По-горизонтали	Престон	Решетка-крест 8 окошка		19mm
ЧР-8179360	Покраска	По-вертикали	Авиньон	Решетка-крест 6 окошка		16mm
РХ-3917501	Прямой	По-горизонтали	Кардифф	Решетка-крест горизонтальная 6 окошек	Вырез под стекло 4 мм	19mm
ЧЖ-4591269	Гнутый	По-горизонтали	Бристоль	Решетка-крест горизонтальная 6 окошек		19mm
ДД-1281797	Балюстрада	По-горизонтали	Престон	Решетка-крест 4 окошка	Вырез под стекло 4 мм	19mm
РХ-3917501	Покраска	По-горизонтали	Кардифф	Решетка-крест 6 окошка		16mm
РУ-7251775	Покраска	По-вертикали	Аверса	Решетка-крест горизонтальная 6 окошек		16mm
СА-2124335	Прямой	По-горизонтали	Кардифф	Решетка-крест 8 окошка		16mm
ЕЫ-9657427	Боковина	По-вертикали	Бристоль	Решетка-крест 6 окошка		16mm
ВУ-3708985	Балюстрада	По-горизонтали	Кардифф	Решетка-крест горизонтальная 6 окошек		16mm
АЗ-7409522	Прямой	По-вертикали	Бристоль	Решетка-крест 8 окошка		16mm
СА-2124335	Боковина	По-горизонтали	Карре	Решетка-крест горизонтальная 6 окошек		19mm
ГО-9221618	Балюстрада	По-вертикали	Авиньон	Под стекло		16mm
ОУ-4071380	Покраска	По-горизонтали	Авиньон	Решетка-крест горизонтальная 8 окошек	Вырез под стекло 4 мм	19mm
ФУ-2469742	Балюстрада	По-вертикали	Понца	Решетка-крест 6 окошка	Вырез под стекло 4 мм	19mm
ЕЫ-9657427	Боковина	По-вертикали	Кардифф	Решетка-крест 6 окошка		16mm
ЗБ-7479338	Прямой	По-горизонтали	Аверса	Решетка-крест горизонтальная 8 окошек	Вырез под стекло 4 мм	16mm
РХ-3917501	Балюстрада	По-вертикали	Бристоль	Решетка-крест горизонтальная 6 окошек		19mm
ВУ-3708985	Покраска	По-вертикали	Авиньон	Решетка-крест 4 окошка	Вырез под стекло 4 мм	19mm
РУ-7251775	Балюстрада	По-горизонтали	Кардифф	Решетка-крест 6 окошка	Вырез под стекло 4 мм	19mm
ЧР-8179360	Покраска	По-вертикали	Честер	Под стекло	Вырез под стекло 4 мм	16mm
АЗ-7409522	Балюстрада	По-вертикали	Карре	Под стекло		19mm
ЗБ-7479338	Балюстрада	По-вертикали	Понца	Решетка-крест 6 окошка	Вырез под стекло 4 мм	16mm
ЧЖ-4591269	Покраска	По-горизонтали	Аверса	Решетка-крест горизонтальная 6 окошек	Вырез под стекло 4 мм	19mm
КК-2928380	Покраска	По-горизонтали	Честер	Под стекло	Вырез под стекло 4 мм	16mm
ТЗ-7611639	Балюстрада	По-вертикали	Честер	Под стекло		16mm
АЗ-7409522	Гнутый	По-вертикали	Карре	Решетка-крест горизонтальная 6 окошек	Вырез под стекло 4 мм	16mm
ДБ-4468972	Балюстрада	По-горизонтали	Кардифф	Решетка-крест 4 окошка		19mm
ЕЫ-9657427	Боковина	По-горизонтали	Аверса	Под стекло	Вырез под стекло 4 мм	19mm
ФУ-2469742	Балюстрада	По-горизонтали	Понца	Решетка-крест 4 окошка		16mm
ШЕ-5947112	Покраска	По-горизонтали	Аверса	Под стекло	Вырез под стекло 4 мм	19mm
РУ-7251775	Покраска	По-горизонтали	Аверса	Решетка-крест 4 окошка		19mm
ТЪ-2519272	Гнутый	По-горизонтали	Понца	Под стекло		19mm
ДД-1281797	Боковина	По-вертикали	Авиньон	Решетка-крест горизонтальная 8 окошек		16mm
ФУ-2469742	Прямой	По-вертикали	Понца	Решетка-крест 6 окошка	Вырез под стекло 4 мм	16mm
ГО-9221618	Балюстрада	По-вертикали	Честер	Решетка-крест горизонтальная 8 окошек	Вырез под стекло 4 мм	19mm
АЗ-7409522	Боковина	По-горизонтали	Авиньон	Решетка-крест 4 окошка		19mm
КК-2928380	Гнутый	По-вертикали	Кардифф	Решетка-крест горизонтальная 6 окошек		19mm
ОУ-4071380	Гнутый	По-вертикали	Авиньон	Под стекло		16mm
ЕЫ-9657427	Прямой	По-вертикали	Авиньон	Решетка-крест 6 окошка	Вырез под стекло 4 мм	16mm
ЧЖ-4591269	Боковина	По-вертикали	Понца	Под стекло	Вырез под стекло 4 мм	16mm
ТЗ-7611639	Прямой	По-вертикали	Понца	Решетка-крест горизонтальная 8 окошек		19mm
РХ-3917501	Покраска	По-горизонтали	Кардифф	Глухой		16mm
ЧР-8179360	Гнутый	По-горизонтали	Честер	Решетка-крест горизонтальная 8 окошек	Вырез под стекло 4 мм	16mm
ДБ-4468972	Покраска	По-горизонтали	Кардифф	Решетка-крест 4 окошка		16mm
ШЕ-5947112	Боковина	По-вертикали	Аверса	Под стекло	Вырез под стекло 4 мм	19mm
АЗ-7409522	Покраска	По-горизонтали	Кардифф	Решетка-крест горизонтальная 8 окошек		19mm
КЯ-8011804	Покраска	По-горизонтали	Авиньон	Под стекло	Вырез под стекло 4 мм	16mm
РУ-7251775	Покраска	По-вертикали	Авиньон	Решетка-крест 6 окошка		16mm
ЗБ-7479338	Прямой	По-горизонтали	Честер	Решетка-крест горизонтальная 6 окошек		19mm
ТЪ-2519272	Балюстрада	По-горизонтали	Понца	Решетка-крест 4 окошка		16mm
ЧР-8179360	Боковина	По-вертикали	Кардифф	Решетка-крест горизонтальная 6 окошек	Вырез под стекло 4 мм	19mm
АЗ-7409522	Покраска	По-горизонтали	Понца	Под стекло	Вырез под стекло 4 мм	16mm
ЗБ-7479338	Прямой	По-вертикали	Кардифф	Решетка-крест горизонтальная 8 окошек	Вырез под стекло 4 мм	16mm
АЗ-7409522	Боковина	По-вертикали	Честер	Решетка-крест горизонтальная 8 окошек		19mm
ЕЫ-9657427	Покраска	По-вертикали	Понца	Решетка-крест горизонтальная 6 окошек	Вырез под стекло 4 мм	19mm
ЕЫ-9657427	Прямой	По-горизонтали	Понца	Решетка-крест 4 окошка	Вырез под стекло 4 мм	19mm
ДД-1281797	Балюстрада	По-вертикали	Честер	Решетка-крест горизонтальная 6 окошек	Вырез под стекло 4 мм	19mm
ТЪ-2519272	Балюстрада	По-горизонтали	Кардифф	Решетка-крест 6 окошка	Вырез под стекло 4 мм	19mm
ЧЖ-4591269	Боковина	По-вертикали	Понца	Решетка-крест горизонтальная 6 окошек		19mm
ФУ-2469742	Балюстрада	По-горизонтали	Авиньон	Решетка-крест 4 окошка	Вырез под стекло 4 мм	16mm
ДД-1281797	Прямой	По-вертикали	Честер	Под стекло		16mm
КЯ-8011804	Покраска	По-вертикали	Авиньон	Под стекло		19mm
ТЪ-2519272	Балюстрада	По-вертикали	Бристоль	Под стекло		19mm
КЯ-8011804	Прямой	По-вертикали	Честер	Под стекло		16mm
СА-2124335	Гнутый	По-вертикали	Понца	Под стекло	Вырез под стекло 4 мм	16mm
КК-2928380	Балюстрада	По-вертикали	Бристоль	Решетка-крест 4 окошка		19mm
ШЕ-5947112	Покраска	По-горизонтали	Понца	Глухой		16mm
ШЕ-5947112	Боковина	По-вертикали	Карре	Решетка-крест горизонтальная 6 окошек	Вырез под стекло 4 мм	16mm
ЧР-8179360	Покраска	По-вертикали	Авиньон	Решетка-крест горизонтальная 6 окошек		19mm
РХ-3917501	Балюстрада	По-горизонтали	Престон	Решетка-крест горизонтальная 6 окошек		16mm
ВЬ-6366636	Покраска	По-вертикали	Авиньон	Решетка-крест горизонтальная 6 окошек	Вырез под стекло 4 мм	19mm
СА-2124335	Балюстрада	По-вертикали	Понца	Решетка-крест 4 окошка		19mm
ЗБ-7479338	Покраска	По-вертикали	Бристоль	Решетка-крест горизонтальная 8 окошек	Вырез под стекло 4 мм	19mm
ВУ-3708985	Балюстрада	По-вертикали	Честер	Глухой	Вырез под стекло 4 мм	19mm
РУ-7251775	Гнутый	По-горизонтали	Авиньон	Решетка-крест горизонтальная 6 окошек		19mm
ДБ-4468972	Гнутый	По-горизонтали	Понца	Решетка-крест 6 окошка		19mm
АЗ-7409522	Балюстрада	По-вертикали	Престон	Решетка-крест 4 окошка		16mm
ОУ-4071380	Покраска	По-вертикали	Бристоль	Под стекло		19mm
РХ-3917501	Балюстрада	По-вертикали	Престон	Решетка-крест 6 окошка	Вырез под стекло 4 мм	16mm
ТЗ-7611639	Балюстрада	По-горизонтали	Карре	Решетка-крест горизонтальная 6 окошек	Вырез под стекло 4 мм	16mm
СА-2124335	Балюстрада	По-вертикали	Честер	Решетка-крест 6 окошка	Вырез под стекло 4 мм	19mm
СА-2124335	Гнутый	По-горизонтали	Аверса	Решетка-крест 4 окошка	Вырез под стекло 4 мм	16mm
ЧР-8179360	Балюстрада	По-горизонтали	Кардифф	Решетка-крест 4 окошка	Вырез под стекло 4 мм	16mm
ОУ-4071380	Боковина	По-горизонтали	Авиньон	Решетка-крест 4 окошка		16mm
ФУ-2469742	Покраска	По-горизонтали	Честер	Глухой		19mm
ДД-1281797	Балюстрада	По-вертикали	Честер	Под стекло	Вырез под стекло 4 мм	19mm
