ЧЖ-4591269	kzhGQV3F	C.P.Company	sdfbrtf@rth.tyg	2022-12-11T09:37:46+07:00	Далоа	Delivering	Карре	2022-12-31T09:37:46+07:00	Голубая структурная	Латунь
ЗБ-7479338	mZWEii5S	D'Angelico	agfbr@dfgd.dsf	2022-12-16T09:37:46+07:00	Дален	Fabricating	Авиньон	2022-12-25T09:37:46+07:00	Дуб белый	Латунь
ГО-9221618	6bDPjWHX	C.P.Company	sdfbrtf@rth.tyg	2022-12-08T09:37:46+07:00	Далоа	InStock	Авиньон	2022-12-31T09:37:46+07:00	Пекан белый	Латунь
КЯ-8011804	qgwOL5Ek	J.Kennedy	masdas@lsdf.vol	2022-12-12T09:37:46+07:00	Далмеллингтон	InStock	Авиньон	2022-12-25T09:37:46+07:00	Дуб Харбор винтажный	Платина
ДД-1281797	kzhGQV3F	C.D.rods	sdfbrtf@rth.tyg	2022-12-02T09:37:46+07:00	Дален	Paid	Кардифф	2023-01-01T09:37:46+07:00	Кашемир светлый	Платина
АЗ-7409522	PNurAPhH	C.P.Company	masdas@lsdf.vol	2022-12-03T09:37:46+07:00	Дали	InStock	Понца	2022-12-30T09:37:46+07:00	Снежно-белый	Платина
ТЪ-2519272	Hq37eNhr	J.Kennedy	sdfbrtf@rth.tyg	2022-12-11T09:37:46+07:00	Далмеллингтон	Paid	Понца	2022-12-23T09:37:46+07:00	Крем квазар	Латунь
РУ-7251775	rXAEscx7	D'Angelico	sdfbrtf@rth.tyg	2022-12-19T09:37:46+07:00	Далтонгандж	Delivering	Честер	2022-12-30T09:37:46+07:00	Крем квазар	Платина
РХ-3917501	rXAEscx7	C.P.Company	sdfbrtf@rth.tyg	2022-12-03T09:37:46+07:00	Далматово	Paid	Кардифф	2023-01-01T09:37:46+07:00	Венге Мали	Платина
АЗ-7409522	q0UGgTK4	J.Kennedy	sdfbrtf@rth.tyg	2022-12-01T09:37:46+07:00	Далкит	InStock	Понца	2022-12-27T09:37:46+07:00	Дуб Костленд белый	Капучино
ЧЖ-4591269	CgsyQ1jk	C.P.Company	sdfbrtf@rth.tyg	2022-12-14T09:37:46+07:00	Далли-Раджхара	Realized	Карре	2023-01-07T09:37:46+07:00	Крем	Платина
ГО-9221618	I6IGx1z8	J.Kennedy	sdfbkr@dfg.uk	2022-12-01T09:37:46+07:00	Далли-Раджхара	Realized	Понца	2022-12-25T09:37:46+07:00	Венге Мали	Капучино
ТЗ-7611639	f6ijLnWB	J.Kennedy	sdfbrtf@rth.tyg	2022-12-19T09:37:46+07:00	Далтонгандж	Accepted	Карре	2023-01-05T09:37:46+07:00	Ларче белый	Латунь
ДБ-4468972	I6IGx1z8	C.P.Company	sdfbrtf@rth.tyg	2022-12-17T09:37:46+07:00	Далимамедли	InStock	Честер	2023-01-08T09:37:46+07:00	Крем квазар	Платина
ШЕ-5947112	CEzmnEGD	J.Kennedy	masdas@lsdf.vol	2022-12-16T09:37:46+07:00	Дали	Canceled	Престон	2023-01-06T09:37:46+07:00	Дуб Ланселот	Платина
ГО-9221618	cjKnPeG4	D'Angelico	masdas@lsdf.vol	2022-12-02T09:37:46+07:00	Дали	Delivering	Карре	2022-12-22T09:37:46+07:00	Кашемир светлый	Капучино
ГО-9221618	CgsyQ1jk	C.P.Company	agfbr@dfgd.dsf	2022-12-05T09:37:46+07:00	Дали	Manufactured	Авиньон	2022-12-30T09:37:46+07:00	Дуб Харбор золотой	Капучино
КЯ-8011804	ENPPZdFd	J.Kennedy	sdfbrtf@rth.tyg	2022-12-13T09:37:46+07:00	Далмеллингтон	Manufactured	Аверса	2023-01-03T09:37:46+07:00	Белый квазар	Капучино
ЗБ-7479338	I6IGx1z8	J.Kennedy	sdfbrtf@rth.tyg	2022-12-04T09:37:46+07:00	Далтонгандж	Delivering	Карре	2022-12-26T09:37:46+07:00	Ларче белый	Платина
ЧР-8179360	di3kbD8F	K-Swiss	sdfbkr@dfg.uk	2022-12-14T09:37:46+07:00	Далешице	Delivering	Бристоль	2022-12-22T09:37:46+07:00	Белый квазар	Платина
ГО-9221618	ejkIJtCc	C.D.rods	agfbr@dfgd.dsf	2022-12-03T09:37:46+07:00	Далоа	Realized	Кардифф	2023-01-05T09:37:46+07:00	Дуб Шеффилд	Платина
ФУ-2469742	cjKnPeG4	J.Kennedy	sdfbrtf@rth.tyg	2022-12-06T09:37:46+07:00	Далоа	Fabricating	Авиньон	2023-01-03T09:37:46+07:00	Дуб перламутровый	Платина
ЧЖ-4591269	OHB2aNJ0	J.Kennedy	sdfbkr@dfg.uk	2022-12-04T09:37:46+07:00	Далматово	Delivering	Бристоль	2022-12-25T09:37:46+07:00	Дуб Харбор винтажный	Платина
ЧР-8179360	Kwdkb1hc	D'Angelico	agfbr@dfgd.dsf	2022-12-08T09:37:46+07:00	Дали	Realized	Понца	2022-12-24T09:37:46+07:00	Мелинга белая	Отсутствует
ДБ-4468972	6bDPjWHX	K-Swiss	agfbr@dfgd.dsf	2022-12-17T09:37:46+07:00	Даллас	Delivering	Понца	2022-12-25T09:37:46+07:00	Магнолия структурная	Латунь
ГО-9221618	cjKnPeG4	D'Angelico	sdfbrtf@rth.tyg	2022-12-02T09:37:46+07:00	Далмеллингтон	Canceled	Честер	2022-12-29T09:37:46+07:00	Ванильное дерево	Отсутствует
ДД-1281797	kzhGQV3F	D'Angelico	sdfbkr@dfg.uk	2022-12-04T09:37:46+07:00	Далешице	Manufactured	Аверса	2023-01-02T09:37:46+07:00	Дуб Харбор золотой	Отсутствует
ТЗ-7611639	I6IGx1z8	C.D.rods	masdas@lsdf.vol	2022-12-18T09:37:46+07:00	Далли-Раджхара	Canceled	Бристоль	2023-01-08T09:37:46+07:00	Орех Амати	Платина
РХ-3917501	ENPPZdFd	C.D.rods	sdfbrtf@rth.tyg	2022-12-07T09:37:46+07:00	Далешице	Paid	Авиньон	2023-01-03T09:37:46+07:00	Венге Мали	Капучино
КЯ-8011804	6bDPjWHX	C.D.rods	masdas@lsdf.vol	2022-12-07T09:37:46+07:00	Далли-Раджхара	Paid	Кардифф	2023-01-04T09:37:46+07:00	Трюфель	Латунь
РХ-3917501	ENPPZdFd	C.P.Company	masdas@lsdf.vol	2022-12-16T09:37:46+07:00	Далиас	Fabricating	Авиньон	2022-12-22T09:37:46+07:00	Снежно-белый	Платина
ТЪ-2519272	ENPPZdFd	K-Swiss	agfbr@dfgd.dsf	2022-12-04T09:37:46+07:00	Далматово	InStock	Бристоль	2023-01-04T09:37:46+07:00	Мелинга темная	Платина
ТЪ-2519272	Jh0QClGs	C.D.rods	masdas@lsdf.vol	2022-12-12T09:37:46+07:00	Далешице	Canceled	Честер	2022-12-29T09:37:46+07:00	Ванильное дерево	Платина
СА-2124335	Kwdkb1hc	D'Angelico	agfbr@dfgd.dsf	2022-12-19T09:37:46+07:00	Далматово	Paid	Карре	2022-12-25T09:37:46+07:00	Дуб Ланселот	Отсутствует
ЧР-8179360	ENPPZdFd	K-Swiss	sdfbrtf@rth.tyg	2022-12-03T09:37:46+07:00	Даллас	Manufactured	Престон	2023-01-01T09:37:46+07:00	Ларче белый	Латунь
ДД-1281797	I6IGx1z8	C.D.rods	sdfbrtf@rth.tyg	2022-12-05T09:37:46+07:00	Далимамедли	Fabricating	Престон	2023-01-06T09:37:46+07:00	Вольфрам серый	Платина
КЯ-8011804	OHB2aNJ0	K-Swiss	masdas@lsdf.vol	2022-12-19T09:37:46+07:00	Далешице	Realized	Карре	2023-01-01T09:37:46+07:00	Вольфрам серый	Латунь
РХ-3917501	U1OniF9c	C.D.rods	sdfbrtf@rth.tyg	2022-12-11T09:37:46+07:00	Далоа	Paid	Бристоль	2023-01-03T09:37:46+07:00	Орех Амати	Капучино
ЧЖ-4591269	cjKnPeG4	C.P.Company	sdfbrtf@rth.tyg	2022-12-09T09:37:46+07:00	Далзингхсарай	Paid	Карре	2023-01-08T09:37:46+07:00	Дуб Ланселот	Латунь
СА-2124335	kzhGQV3F	K-Swiss	sdfbkr@dfg.uk	2022-12-09T09:37:46+07:00	Дали	Realized	Честер	2023-01-05T09:37:46+07:00	Крем квазар	Капучино
ГО-9221618	5BzxuaZT	C.P.Company	agfbr@dfgd.dsf	2022-12-10T09:37:46+07:00	Далли-Раджхара	Accepted	Аверса	2022-12-22T09:37:46+07:00	Ларче белый	Капучино
КЯ-8011804	di3kbD8F	D'Angelico	sdfbkr@dfg.uk	2022-12-13T09:37:46+07:00	Далоа	InStock	Честер	2022-12-25T09:37:46+07:00	Дуб перламутровый	Отсутствует
АЗ-7409522	ENPPZdFd	D'Angelico	agfbr@dfgd.dsf	2022-12-06T09:37:46+07:00	Далкит	Delivering	Карре	2022-12-24T09:37:46+07:00	Ясень радужный	Платина
ВУ-3708985	di3kbD8F	J.Kennedy	sdfbrtf@rth.tyg	2022-12-05T09:37:46+07:00	Даллес	Paid	Карре	2022-12-26T09:37:46+07:00	Дуб Костленд белый	Отсутствует
ДД-1281797	Hq37eNhr	C.P.Company	masdas@lsdf.vol	2022-12-07T09:37:46+07:00	Далоа	InStock	Бристоль	2022-12-29T09:37:46+07:00	Дуб Костленд белый	Платина
ЧЖ-4591269	5BzxuaZT	D'Angelico	sdfbkr@dfg.uk	2022-12-13T09:37:46+07:00	Далли-Раджхара	Fabricating	Понца	2023-01-04T09:37:46+07:00	Дуб Костленд белый	Платина
ГО-9221618	2I5YOJAm	J.Kennedy	agfbr@dfgd.dsf	2022-12-11T09:37:46+07:00	Далли-Раджхара	InStock	Карре	2022-12-29T09:37:46+07:00	Белый квазар	Латунь
ШЕ-5947112	1OSdAhZ6	C.P.Company	sdfbkr@dfg.uk	2022-12-17T09:37:46+07:00	Далмеллингтон	Paid	Бристоль	2022-12-22T09:37:46+07:00	Ясень Бунге	Капучино
КЯ-8011804	kzhGQV3F	C.D.rods	agfbr@dfgd.dsf	2022-12-02T09:37:46+07:00	Далешице	InStock	Честер	2023-01-06T09:37:46+07:00	Дуб Костленд белый	Платина
ФУ-2469742	U1OniF9c	J.Kennedy	sdfbrtf@rth.tyg	2022-12-09T09:37:46+07:00	Далиас	Fabricating	Авиньон	2022-12-28T09:37:46+07:00	Ларче белый	Платина
КК-2928380	OHB2aNJ0	D'Angelico	sdfbrtf@rth.tyg	2022-12-03T09:37:46+07:00	Далешице	Manufactured	Авиньон	2022-12-28T09:37:46+07:00	Дуб перламутровый	Латунь
ВЬ-6366636	PNurAPhH	C.P.Company	masdas@lsdf.vol	2022-12-15T09:37:46+07:00	Далимамедли	InStock	Аверса	2023-01-06T09:37:46+07:00	Дуб Ланселот	Латунь
ЗБ-7479338	6lRY6fmP	K-Swiss	sdfbrtf@rth.tyg	2022-12-18T09:37:46+07:00	Дали	Manufactured	Престон	2022-12-22T09:37:46+07:00	Трюфель	Капучино
ОУ-4071380	1OSdAhZ6	J.Kennedy	sdfbkr@dfg.uk	2022-12-08T09:37:46+07:00	Далзингхсарай	Realized	Кардифф	2022-12-25T09:37:46+07:00	Пекан белый	Капучино
ЧЖ-4591269	ZQ2WOIN6	J.Kennedy	sdfbkr@dfg.uk	2022-12-20T09:37:46+07:00	Далоа	Fabricating	Честер	2023-01-02T09:37:46+07:00	Дуб Костленд белый	Отсутствует
ФУ-2469742	CgsyQ1jk	C.D.rods	sdfbkr@dfg.uk	2022-12-12T09:37:46+07:00	Далкит	InStock	Кардифф	2022-12-31T09:37:46+07:00	Дуб Шеффилд	Отсутствует
ЗБ-7479338	qgwOL5Ek	C.P.Company	agfbr@dfgd.dsf	2022-12-02T09:37:46+07:00	Далешице	Fabricating	Авиньон	2022-12-22T09:37:46+07:00	Сиббе сатиновый	Платина
ГО-9221618	1OSdAhZ6	D'Angelico	masdas@lsdf.vol	2022-12-03T09:37:46+07:00	Далиас	Delivering	Кардифф	2023-01-02T09:37:46+07:00	Снежно-белый	Платина
РХ-3917501	f6ijLnWB	D'Angelico	sdfbrtf@rth.tyg	2022-12-14T09:37:46+07:00	Далиас	Manufactured	Карре	2023-01-06T09:37:46+07:00	Орех Амати	Капучино
ДБ-4468972	I6IGx1z8	J.Kennedy	sdfbrtf@rth.tyg	2022-12-13T09:37:46+07:00	Далоа	Realized	Престон	2022-12-23T09:37:46+07:00	Дуб Харбор золотой	Латунь
ДБ-4468972	ZQ2WOIN6	J.Kennedy	sdfbrtf@rth.tyg	2022-12-04T09:37:46+07:00	Далкит	InStock	Кардифф	2022-12-22T09:37:46+07:00	Дуб Харбор винтажный	Отсутствует
ОУ-4071380	qgwOL5Ek	D'Angelico	sdfbrtf@rth.tyg	2022-12-06T09:37:46+07:00	Дали	Realized	Честер	2022-12-28T09:37:46+07:00	Венге Мали	Отсутствует
ШЕ-5947112	qgwOL5Ek	C.P.Company	sdfbkr@dfg.uk	2022-12-05T09:37:46+07:00	Далкит	Fabricating	Честер	2023-01-07T09:37:46+07:00	Крем квазар	Отсутствует
КЯ-8011804	rXAEscx7	C.P.Company	agfbr@dfgd.dsf	2022-12-02T09:37:46+07:00	Далматово	Accepted	Понца	2023-01-04T09:37:46+07:00	Мелинга темная	Платина
КК-2928380	OHB2aNJ0	C.P.Company	sdfbkr@dfg.uk	2022-12-15T09:37:46+07:00	Далмеллингтон	Delivering	Бристоль	2023-01-04T09:37:46+07:00	Кашемир светлый	Капучино
ЗБ-7479338	Kwdkb1hc	C.P.Company	agfbr@dfgd.dsf	2022-12-08T09:37:46+07:00	Даллас	Manufactured	Кардифф	2023-01-09T09:37:46+07:00	Белый квазар	Капучино
ДБ-4468972	cjKnPeG4	C.D.rods	sdfbrtf@rth.tyg	2022-12-02T09:37:46+07:00	Даллас	Fabricating	Честер	2023-01-04T09:37:46+07:00	Сиббе сатиновый	Капучино
ЗБ-7479338	I6IGx1z8	C.D.rods	agfbr@dfgd.dsf	2022-12-04T09:37:46+07:00	Далимамедли	Realized	Авиньон	2022-12-22T09:37:46+07:00	Дуб Ланселот	Платина
ВУ-3708985	qgwOL5Ek	J.Kennedy	sdfbrtf@rth.tyg	2022-12-18T09:37:46+07:00	Далиас	Paid	Карре	2023-01-03T09:37:46+07:00	Дуб Харбор золотой	Латунь
АЗ-7409522	OHB2aNJ0	J.Kennedy	masdas@lsdf.vol	2022-12-18T09:37:46+07:00	Далешице	Paid	Кардифф	2023-01-03T09:37:46+07:00	Дуб перламутровый	Латунь
КЯ-8011804	qgwOL5Ek	C.P.Company	masdas@lsdf.vol	2022-12-15T09:37:46+07:00	Далли-Раджхара	Paid	Авиньон	2023-01-02T09:37:46+07:00	Крем квазар	Платина
ЧЖ-4591269	q0UGgTK4	C.P.Company	sdfbrtf@rth.tyg	2022-12-18T09:37:46+07:00	Далли-Раджхара	Accepted	Честер	2022-12-30T09:37:46+07:00	Венге Мали	Капучино
ЧР-8179360	cjKnPeG4	J.Kennedy	masdas@lsdf.vol	2022-12-10T09:37:46+07:00	Далкит	Delivering	Честер	2023-01-02T09:37:46+07:00	Ларче белый	Латунь
ВУ-3708985	U1OniF9c	D'Angelico	agfbr@dfgd.dsf	2022-12-02T09:37:46+07:00	Далматово	Delivering	Кардифф	2023-01-03T09:37:46+07:00	Крем квазар	Платина
ЧЖ-4591269	kzhGQV3F	D'Angelico	masdas@lsdf.vol	2022-12-01T09:37:46+07:00	Далли-Раджхара	Realized	Престон	2022-12-31T09:37:46+07:00	Мелинга темная	Платина
КК-2928380	Kwdkb1hc	K-Swiss	sdfbkr@dfg.uk	2022-12-15T09:37:46+07:00	Даллас	Paid	Кардифф	2022-12-21T09:37:46+07:00	Мелинга темная	Платина
РХ-3917501	ejkIJtCc	C.D.rods	sdfbrtf@rth.tyg	2022-12-02T09:37:46+07:00	Далзингхсарай	Manufactured	Авиньон	2022-12-22T09:37:46+07:00	Дуб Винчестер	Платина
ГО-9221618	U1OniF9c	D'Angelico	agfbr@dfgd.dsf	2022-12-15T09:37:46+07:00	Далимамедли	InStock	Карре	2023-01-01T09:37:46+07:00	Снежно-белый	Капучино
ГО-9221618	di3kbD8F	D'Angelico	sdfbrtf@rth.tyg	2022-12-17T09:37:46+07:00	Далли-Раджхара	Accepted	Бристоль	2023-01-01T09:37:46+07:00	Дуб белый	Латунь
ЗБ-7479338	Jh0QClGs	K-Swiss	masdas@lsdf.vol	2022-12-18T09:37:46+07:00	Далзингхсарай	Paid	Карре	2022-12-30T09:37:46+07:00	Индиго	Платина
ОУ-4071380	I6IGx1z8	K-Swiss	sdfbrtf@rth.tyg	2022-12-03T09:37:46+07:00	Даллес	Delivering	Карре	2022-12-28T09:37:46+07:00	Венге Мали	Латунь
ДД-1281797	CgsyQ1jk	K-Swiss	sdfbkr@dfg.uk	2022-12-01T09:37:46+07:00	Далимамедли	Realized	Бристоль	2022-12-23T09:37:46+07:00	Ясень радужный	Платина
ДБ-4468972	qgwOL5Ek	K-Swiss	sdfbkr@dfg.uk	2022-12-16T09:37:46+07:00	Далимамедли	Accepted	Понца	2023-01-06T09:37:46+07:00	Орех Амати	Латунь
ТЗ-7611639	qgwOL5Ek	K-Swiss	sdfbrtf@rth.tyg	2022-12-14T09:37:46+07:00	Далмеллингтон	Fabricating	Карре	2022-12-24T09:37:46+07:00	Вольфрам серый	Платина
РХ-3917501	q0UGgTK4	D'Angelico	agfbr@dfgd.dsf	2022-12-05T09:37:46+07:00	Далтонгандж	InStock	Бристоль	2022-12-29T09:37:46+07:00	Дуб Винчестер	Платина
ЧР-8179360	CgsyQ1jk	D'Angelico	sdfbrtf@rth.tyg	2022-12-03T09:37:46+07:00	Далмеллингтон	Manufactured	Авиньон	2023-01-04T09:37:46+07:00	Венге Мали	Капучино
РХ-3917501	1OSdAhZ6	D'Angelico	agfbr@dfgd.dsf	2022-12-15T09:37:46+07:00	Даллес	Paid	Понца	2022-12-24T09:37:46+07:00	Дуб Винчестер	Отсутствует
ДБ-4468972	qgwOL5Ek	J.Kennedy	sdfbrtf@rth.tyg	2022-12-03T09:37:46+07:00	Даллес	Paid	Кардифф	2022-12-25T09:37:46+07:00	Кашемир светлый	Капучино
ФУ-2469742	Hq37eNhr	D'Angelico	masdas@lsdf.vol	2022-12-10T09:37:46+07:00	Далзингхсарай	Manufactured	Кардифф	2023-01-08T09:37:46+07:00	Белый квазар	Отсутствует
КЯ-8011804	I6IGx1z8	D'Angelico	agfbr@dfgd.dsf	2022-12-07T09:37:46+07:00	Далли-Раджхара	InStock	Честер	2022-12-31T09:37:46+07:00	Крем	Платина
РУ-7251775	U1OniF9c	D'Angelico	masdas@lsdf.vol	2022-12-04T09:37:46+07:00	Далтонгандж	Accepted	Понца	2023-01-02T09:37:46+07:00	Крем	Латунь
КК-2928380	kzhGQV3F	K-Swiss	agfbr@dfgd.dsf	2022-12-17T09:37:46+07:00	Далимамедли	Fabricating	Престон	2023-01-06T09:37:46+07:00	Мелинга белая	Капучино
КК-2928380	1OSdAhZ6	C.D.rods	masdas@lsdf.vol	2022-12-07T09:37:46+07:00	Далиас	Fabricating	Кардифф	2022-12-21T09:37:46+07:00	Дуб Костленд белый	Капучино
ЧЖ-4591269	di3kbD8F	K-Swiss	agfbr@dfgd.dsf	2022-12-03T09:37:46+07:00	Далимамедли	Delivering	Бристоль	2022-12-31T09:37:46+07:00	Белое дерево	Платина
ФУ-2469742	Jh0QClGs	C.P.Company	sdfbrtf@rth.tyg	2022-12-18T09:37:46+07:00	Далимамедли	Manufactured	Авиньон	2022-12-26T09:37:46+07:00	Белое дерево	Платина
РУ-7251775	Jh0QClGs	C.P.Company	masdas@lsdf.vol	2022-12-06T09:37:46+07:00	Далли-Раджхара	Realized	Авиньон	2023-01-06T09:37:46+07:00	Дуб Харбор золотой	Латунь
ДД-1281797	ZQ2WOIN6	D'Angelico	agfbr@dfgd.dsf	2022-12-11T09:37:46+07:00	Дали	Delivering	Аверса	2023-01-03T09:37:46+07:00	Кашемир светлый	Отсутствует
ДД-1281797	mZWEii5S	D'Angelico	agfbr@dfgd.dsf	2022-12-19T09:37:46+07:00	Дален	Manufactured	Авиньон	2023-01-05T09:37:46+07:00	Мелинга белая	Капучино
ФУ-2469742	di3kbD8F	C.D.rods	agfbr@dfgd.dsf	2022-12-13T09:37:46+07:00	Дален	Delivering	Престон	2022-12-29T09:37:46+07:00	Дуб Винчестер	Платина
ЕЫ-9657427	qgwOL5Ek	J.Kennedy	agfbr@dfgd.dsf	2022-12-20T09:37:46+07:00	Далоа	Realized	Понца	2023-01-07T09:37:46+07:00	Ванильное дерево	Капучино
ТЪ-2519272	ENPPZdFd	C.P.Company	sdfbrtf@rth.tyg	2022-12-07T09:37:46+07:00	Далешице	Realized	Авиньон	2023-01-01T09:37:46+07:00	Дуб Винчестер	Платина
РХ-3917501	PNurAPhH	D'Angelico	sdfbrtf@rth.tyg	2022-12-18T09:37:46+07:00	Далтонгандж	Delivering	Кардифф	2022-12-31T09:37:46+07:00	Белый квазар	Латунь
ШЕ-5947112	qgwOL5Ek	C.D.rods	sdfbrtf@rth.tyg	2022-12-02T09:37:46+07:00	Далтонгандж	Paid	Карре	2022-12-28T09:37:46+07:00	Дуб Харбор винтажный	Отсутствует
РУ-7251775	1OSdAhZ6	J.Kennedy	sdfbkr@dfg.uk	2022-12-14T09:37:46+07:00	Далешице	InStock	Понца	2023-01-04T09:37:46+07:00	Мелинга темная	Капучино
ЧЖ-4591269	U1OniF9c	K-Swiss	sdfbrtf@rth.tyg	2022-12-19T09:37:46+07:00	Далтонгандж	Delivering	Кардифф	2022-12-24T09:37:46+07:00	Магнолия структурная	Платина
ЧР-8179360	Hq37eNhr	C.D.rods	agfbr@dfgd.dsf	2022-12-10T09:37:46+07:00	Даллас	InStock	Понца	2022-12-26T09:37:46+07:00	Пекан белый	Платина
ТЪ-2519272	OHB2aNJ0	C.P.Company	agfbr@dfgd.dsf	2022-12-15T09:37:46+07:00	Даллас	Manufactured	Авиньон	2023-01-09T09:37:46+07:00	Ясень радужный	Платина
СА-2124335	q0UGgTK4	D'Angelico	sdfbkr@dfg.uk	2022-12-20T09:37:46+07:00	Далзингхсарай	Realized	Кардифф	2022-12-30T09:37:46+07:00	Ларче белый	Платина
РУ-7251775	q0UGgTK4	C.D.rods	sdfbrtf@rth.tyg	2022-12-16T09:37:46+07:00	Даллас	Delivering	Авиньон	2022-12-24T09:37:46+07:00	Белый квазар	Латунь
ДБ-4468972	6lRY6fmP	D'Angelico	sdfbrtf@rth.tyg	2022-12-04T09:37:46+07:00	Далоа	InStock	Кардифф	2022-12-23T09:37:46+07:00	Голубая структурная	Отсутствует
КЯ-8011804	CgsyQ1jk	C.P.Company	agfbr@dfgd.dsf	2022-12-10T09:37:46+07:00	Далешице	Fabricating	Понца	2022-12-31T09:37:46+07:00	Ясень баварский стоун грей	Отсутствует
ЧЖ-4591269	Kwdkb1hc	D'Angelico	sdfbrtf@rth.tyg	2022-12-15T09:37:46+07:00	Далиас	Delivering	Бристоль	2022-12-27T09:37:46+07:00	Венге Мали	Капучино
ДД-1281797	U1OniF9c	J.Kennedy	sdfbkr@dfg.uk	2022-12-13T09:37:46+07:00	Далоа	Fabricating	Престон	2022-12-31T09:37:46+07:00	Снежно-белый	Платина
ЧР-8179360	qgwOL5Ek	C.D.rods	sdfbrtf@rth.tyg	2022-12-01T09:37:46+07:00	Далли-Раджхара	Fabricating	Аверса	2023-01-06T09:37:46+07:00	Дуб Костленд белый	Капучино
ГО-9221618	CgsyQ1jk	C.P.Company	masdas@lsdf.vol	2022-12-08T09:37:46+07:00	Далмеллингтон	Fabricating	Понца	2023-01-08T09:37:46+07:00	Магнолия структурная	Платина
ВУ-3708985	f6ijLnWB	J.Kennedy	sdfbrtf@rth.tyg	2022-12-11T09:37:46+07:00	Далоа	Manufactured	Карре	2022-12-26T09:37:46+07:00	Кашемир светлый	Платина
ЕЫ-9657427	CgsyQ1jk	J.Kennedy	sdfbkr@dfg.uk	2022-12-07T09:37:46+07:00	Далтонгандж	InStock	Честер	2023-01-01T09:37:46+07:00	Магнолия структурная	Капучино
ДД-1281797	kzhGQV3F	D'Angelico	sdfbrtf@rth.tyg	2022-12-05T09:37:46+07:00	Далкит	InStock	Бристоль	2023-01-04T09:37:46+07:00	Ясень Бунге	Капучино
ЧЖ-4591269	mZWEii5S	C.P.Company	sdfbrtf@rth.tyg	2022-12-06T09:37:46+07:00	Далкит	InStock	Понца	2023-01-04T09:37:46+07:00	Магнолия структурная	Капучино
ДД-1281797	Hq37eNhr	D'Angelico	sdfbkr@dfg.uk	2022-12-11T09:37:46+07:00	Даллас	InStock	Карре	2022-12-31T09:37:46+07:00	Индиго	Платина
ЕЫ-9657427	6lRY6fmP	C.D.rods	agfbr@dfgd.dsf	2022-12-05T09:37:46+07:00	Далтонгандж	Fabricating	Бристоль	2023-01-04T09:37:46+07:00	Вольфрам серый	Платина
РХ-3917501	di3kbD8F	C.D.rods	sdfbrtf@rth.tyg	2022-12-02T09:37:46+07:00	Далматово	InStock	Честер	2022-12-31T09:37:46+07:00	Снежно-белый	Платина
ЗБ-7479338	kzhGQV3F	C.P.Company	sdfbkr@dfg.uk	2022-11-30T09:37:46+07:00	Далиас	Paid	Авиньон	2022-12-30T09:37:46+07:00	Трюфель	Латунь
ЗБ-7479338	2I5YOJAm	D'Angelico	agfbr@dfgd.dsf	2022-12-06T09:37:46+07:00	Далли-Раджхара	Paid	Кардифф	2022-12-30T09:37:46+07:00	Дуб Харбор золотой	Платина
РУ-7251775	6lRY6fmP	J.Kennedy	sdfbrtf@rth.tyg	2022-12-04T09:37:46+07:00	Далешице	InStock	Аверса	2022-12-27T09:37:46+07:00	Дуб белый	Платина
ТЪ-2519272	Hq37eNhr	C.D.rods	sdfbrtf@rth.tyg	2022-12-14T09:37:46+07:00	Дали	Manufactured	Бристоль	2022-12-28T09:37:46+07:00	Вольфрам серый	Платина
ДД-1281797	6bDPjWHX	J.Kennedy	agfbr@dfgd.dsf	2022-12-02T09:37:46+07:00	Далли-Раджхара	Fabricating	Престон	2023-01-07T09:37:46+07:00	Дуб Харбор золотой	Платина
ЧЖ-4591269	kzhGQV3F	J.Kennedy	sdfbrtf@rth.tyg	2022-12-10T09:37:46+07:00	Далешице	Paid	Карре	2022-12-28T09:37:46+07:00	Ясень баварский стоун грей	Платина
ЧР-8179360	1OSdAhZ6	C.P.Company	sdfbkr@dfg.uk	2022-11-30T09:37:46+07:00	Далзингхсарай	Canceled	Честер	2022-12-21T09:37:46+07:00	Крем квазар	Капучино
ДД-1281797	di3kbD8F	J.Kennedy	masdas@lsdf.vol	2022-12-14T09:37:46+07:00	Далтонгандж	Canceled	Престон	2022-12-29T09:37:46+07:00	Пекан белый	Латунь
ЗБ-7479338	Jh0QClGs	C.P.Company	agfbr@dfgd.dsf	2022-12-01T09:37:46+07:00	Даллас	InStock	Карре	2023-01-04T09:37:46+07:00	Дуб Ланселот	Капучино
ЕЫ-9657427	q0UGgTK4	D'Angelico	masdas@lsdf.vol	2022-12-15T09:37:46+07:00	Далешице	Paid	Аверса	2022-12-31T09:37:46+07:00	Дуб Ланселот	Отсутствует
ВУ-3708985	PNurAPhH	J.Kennedy	sdfbrtf@rth.tyg	2022-12-03T09:37:46+07:00	Далкит	InStock	Аверса	2022-12-24T09:37:46+07:00	Крем квазар	Латунь
ЕЫ-9657427	Kwdkb1hc	C.D.rods	sdfbkr@dfg.uk	2022-12-15T09:37:46+07:00	Дален	Realized	Престон	2023-01-03T09:37:46+07:00	Трюфель	Латунь
ФУ-2469742	CEzmnEGD	J.Kennedy	sdfbrtf@rth.tyg	2022-12-02T09:37:46+07:00	Далтонгандж	Manufactured	Карре	2022-12-25T09:37:46+07:00	Жасмин	Платина
ЧР-8179360	ZQ2WOIN6	D'Angelico	agfbr@dfgd.dsf	2022-12-04T09:37:46+07:00	Далтонгандж	Delivering	Аверса	2022-12-28T09:37:46+07:00	Кашемир светлый	Латунь
ДБ-4468972	1OSdAhZ6	K-Swiss	sdfbkr@dfg.uk	2022-12-19T09:37:46+07:00	Даллас	Paid	Понца	2022-12-24T09:37:46+07:00	Жасмин	Капучино
РУ-7251775	1OSdAhZ6	D'Angelico	agfbr@dfgd.dsf	2022-12-03T09:37:46+07:00	Далкит	Realized	Понца	2022-12-21T09:37:46+07:00	Дуб перламутровый	Платина
ОУ-4071380	mZWEii5S	D'Angelico	agfbr@dfgd.dsf	2022-12-20T09:37:46+07:00	Далоа	Delivering	Кардифф	2022-12-22T09:37:46+07:00	Пекан белый	Отсутствует
РУ-7251775	kzhGQV3F	K-Swiss	agfbr@dfgd.dsf	2022-12-01T09:37:46+07:00	Дали	Accepted	Понца	2022-12-28T09:37:46+07:00	Дуб Харбор золотой	Платина
АЗ-7409522	ejkIJtCc	C.D.rods	masdas@lsdf.vol	2022-12-10T09:37:46+07:00	Дален	Delivering	Авиньон	2022-12-30T09:37:46+07:00	Сиббе сатиновый	Капучино
ДБ-4468972	ENPPZdFd	J.Kennedy	sdfbrtf@rth.tyg	2022-12-19T09:37:46+07:00	Далматово	Delivering	Честер	2023-01-05T09:37:46+07:00	Дуб Харбор золотой	Капучино
ШЕ-5947112	Jh0QClGs	K-Swiss	agfbr@dfgd.dsf	2022-12-16T09:37:46+07:00	Даллас	Delivering	Авиньон	2022-12-28T09:37:46+07:00	Трюфель	Капучино
РХ-3917501	ejkIJtCc	J.Kennedy	agfbr@dfgd.dsf	2022-12-16T09:37:46+07:00	Далиас	Paid	Авиньон	2022-12-23T09:37:46+07:00	Ясень Бунге	Капучино
ФУ-2469742	ENPPZdFd	D'Angelico	agfbr@dfgd.dsf	2022-12-20T09:37:46+07:00	Далмеллингтон	Delivering	Аверса	2022-12-24T09:37:46+07:00	Венге Мали	Платина
ГО-9221618	CgsyQ1jk	K-Swiss	masdas@lsdf.vol	2022-12-14T09:37:46+07:00	Далкит	InStock	Карре	2022-12-23T09:37:46+07:00	Трюфель	Платина
ЧР-8179360	cjKnPeG4	C.P.Company	agfbr@dfgd.dsf	2022-11-30T09:37:46+07:00	Даллас	Paid	Карре	2023-01-02T09:37:46+07:00	Дуб перламутровый	Капучино
ТЗ-7611639	OHB2aNJ0	D'Angelico	agfbr@dfgd.dsf	2022-12-12T09:37:46+07:00	Даллес	Paid	Кардифф	2022-12-22T09:37:46+07:00	Сиббе сатиновый	Платина
ВУ-3708985	cjKnPeG4	J.Kennedy	masdas@lsdf.vol	2022-12-11T09:37:46+07:00	Далзингхсарай	Delivering	Бристоль	2022-12-28T09:37:46+07:00	Дуб Шеффилд	Отсутствует
РХ-3917501	di3kbD8F	C.P.Company	agfbr@dfgd.dsf	2022-12-07T09:37:46+07:00	Далли-Раджхара	Manufactured	Честер	2022-12-27T09:37:46+07:00	Жасмин	Капучино
